cliente_id,receita,margem_bruta,comissao,frete_anual,margem_liquida,RAZAO_SOCIAL,SEGMENTO
000439,12657.97,3821.19,306.8438,23646.72,-20132.3738,DISTRIBUIDORA PEREIRA - ME,Food Service
000343,4057.75,664.1899999999999,61.894497,19629.12,-19026.824496999998,COMERCIAL ANDRADE EIRELI,Padaria
000498,2401.26,466.79,14.429281,17895.36,-17442.999281,COMÉRCIO DE ALIMENTOS COSTA EIRELI,Mercado de Bairro
000023,6101.19,2291.61,66.507962,18802.56,-16577.457962,COMÉRCIO DE ALIMENTOS ALMEIDA EIRELI,Mini Rede
000068,4019.19,1300.55,95.123273,17361.12,-16155.693272999999,COMERCIAL SILVA LTDA,Padaria
000055,1474.22,337.93,32.269057000000004,16376.64,-16070.979056999999,SUPERMERCADO DO VALE EIRELI,Mercado de Bairro
000168,4650.38,1126.1299999999999,30.04711,16321.679999999998,-15225.597109999999,MERCADO SILVA - ME,Food Service
000019,781.65,224.74,15.772646,15255.12,-15046.152646,SUPERMERCADO COSTA EIRELI,Mini Rede
000160,2035.1,589.7199999999999,23.312122000000002,15225.119999999999,-14658.712121999999,COMÉRCIO DE ALIMENTOS SOUZA LTDA,Mini Rede
000378,1979.05,413.08,41.541262,14837.76,-14466.221262000001,DISTRIBUIDORA DO VALE LTDA,Mini Rede
000376,2936.31,597.4200000000001,57.196398,14728.560000000001,-14188.336398000001,EMPÓRIO FERREIRA EIRELI,Padaria
000259,12287.93,3482.07,240.700803,17051.04,-13809.670803,EMPÓRIO FERREIRA LTDA,Conveniência
000064,17067.35,4615.5599999999995,326.84038499999997,17763.84,-13475.120385,EMPÓRIO COSTA LTDA,Conveniência
000164,855.77,181.51,0.0,13651.199999999999,-13469.689999999999,COMÉRCIO DE ALIMENTOS OLIVEIRA LTDA,Mercado de Bairro
000003,4582.85,1263.28,85.89932800000001,14614.32,-13436.939328,COMERCIAL BITTENCOURT LTDA,Mini Rede
000438,1010.3199999999999,216.23000000000002,0.0,13394.880000000001,-13178.650000000001,COMÉRCIO DE ALIMENTOS BITTENCOURT LTDA,Padaria
000129,2027.22,357.19,43.187333,13361.04,-13047.037333,COMÉRCIO DE ALIMENTOS SOUZA - ME,Bar/Restaurante
000242,6914.69,1459.64,139.20253100000002,14046.72,-12726.282530999999,SUPERMERCADO BITTENCOURT LTDA,Mercado de Bairro
000240,1626.69,336.5,0.0,12388.320000000002,-12051.820000000002,EMPÓRIO SOUZA - ME,Food Service
000180,9238.38,2560.88,76.316503,14426.64,-11942.076503,COMERCIAL BITTENCOURT LTDA,Padaria
000220,6016.93,1517.35,155.974894,13226.64,-11865.264894,EMPÓRIO SOUZA EIRELI,Conveniência
000430,11765.45,2859.46,269.02786199999997,14359.8,-11769.367862,COMÉRCIO DE ALIMENTOS FERREIRA LTDA,Mercado de Bairro
000070,2340.7599999999998,517.78,47.936298,12027.96,-11558.116297999999,COMÉRCIO DE ALIMENTOS NOGUEIRA EIRELI,Padaria
000247,570.26,190.43,5.80575,11668.8,-11484.175749999999,MERCADO ALMEIDA - ME,Food Service
000392,3251.11,669.5,75.632004,11908.800000000001,-11314.932004000002,MERCADO ALMEIDA - ME,Conveniência
000423,5910.98,1142.65,69.510631,12367.32,-11294.180631,DISTRIBUIDORA ALMEIDA EIRELI,Mercado de Bairro
000469,3076.08,1002.3999999999999,44.625172,12180.24,-11222.465172,MERCADO DO VALE LTDA,Padaria
000289,12968.08,3385.02,259.003642,14339.52,-11213.503642,COMERCIAL SILVA EIRELI,Mini Rede
000500,2358.04,615.96,24.921239,11699.28,-11108.241239,COMERCIAL COSTA LTDA,Bar/Restaurante
000194,1733.9,324.5,0.0,11303.039999999999,-10978.539999999999,SUPERMERCADO OLIVEIRA EIRELI,Mercado de Bairro
000250,3579.2,773.9,0.0,11640.0,-10866.1,COMÉRCIO DE ALIMENTOS OLIVEIRA - ME,Conveniência
000137,59.19,27.86,1.7934569999999999,10506.24,-10480.173456999999,DISTRIBUIDORA REZENDE LTDA,Mini Rede
000210,16227.98,4567.35,179.969565,14683.2,-10295.819565000002,COMERCIAL FERREIRA EIRELI,Mini Rede
000228,2005.39,451.02,37.889423,10657.92,-10244.789423,SUPERMERCADO OLIVEIRA EIRELI,Conveniência
000485,10686.14,3299.8,213.12431999999998,13179.84,-10093.16432,EMPÓRIO DO VALE EIRELI,Bar/Restaurante
000374,3823.25,1315.54,84.03205100000001,11164.8,-9933.292050999999,MERCADO ANDRADE LTDA,Padaria
000204,14697.6,3972.0000000000005,172.895399,13726.439999999999,-9927.335398999998,COMÉRCIO DE ALIMENTOS REZENDE LTDA,Mercado de Bairro
000148,4041.68,942.4100000000001,75.1498,10760.4,-9893.139799999999,EMPÓRIO OLIVEIRA EIRELI,Mercado de Bairro
000015,10282.869999999999,3179.35,71.494115,12978.0,-9870.144115,MERCADO NOGUEIRA EIRELI,Padaria
000246,6521.2,1819.26,0.0,11388.960000000001,-9569.7,EMPÓRIO OLIVEIRA LTDA,Padaria
000170,4733.91,1090.6000000000001,58.011169,10521.0,-9488.411168999999,MERCADO REZENDE EIRELI,Bar/Restaurante
000462,9400.17,2755.2999999999997,179.718872,11911.68,-9336.098872,SUPERMERCADO COSTA - ME,Mini Rede
000269,15358.88,4356.83,335.95065,13279.800000000001,-9258.92065,COMÉRCIO DE ALIMENTOS NOGUEIRA - ME,Mini Rede
000344,1293.32,406.98,32.986671,9561.599999999999,-9187.606670999998,MERCADO ANDRADE LTDA,Mercado de Bairro
000006,4450.79,972.8699999999999,113.27864,9890.16,-9030.56864,DISTRIBUIDORA ANDRADE - ME,Conveniência
000412,22887.7,5325.68,487.482778,13627.32,-8789.122777999999,COMÉRCIO DE ALIMENTOS NOGUEIRA EIRELI,Bar/Restaurante
000173,6637.42,1871.8899999999999,126.407217,10307.52,-8562.037217000001,DISTRIBUIDORA DO VALE LTDA,Mini Rede
000304,12463.44,2553.32,271.58770499999997,10695.36,-8413.627705,COMÉRCIO DE ALIMENTOS PEREIRA - ME,Food Service
000198,771.86,100.97000000000001,18.652406,8492.16,-8409.842406,EMPÓRIO PEREIRA LTDA,Mini Rede
000332,874.15,146.53999999999996,17.338106,8364.72,-8235.518106,SUPERMERCADO OLIVEIRA LTDA,Conveniência
000231,798.22,228.87999999999994,15.899811,8408.16,-8195.179811,MERCADO ALMEIDA LTDA,Padaria
000435,15559.3,4352.47,148.889572,12266.880000000001,-8063.299572000001,EMPÓRIO SOUZA - ME,Food Service
000252,3508.9,866.5500000000002,0.0,8881.92,-8015.37,MERCADO PEREIRA EIRELI,Mercado de Bairro
000063,1515.23,219.01,36.452891,7983.0,-7800.442891,DISTRIBUIDORA PEREIRA EIRELI,Mini Rede
000224,908.57,194.4,24.496987,7967.4,-7797.4969869999995,COMERCIAL NOGUEIRA EIRELI,Conveniência
000022,2057.6,498.81,52.867976,8219.400000000001,-7773.4579760000015,MERCADO ANDRADE - ME,Mini Rede
000383,6504.45,1351.61,146.777603,8914.08,-7709.247603,MERCADO SILVA LTDA,Bar/Restaurante
000268,5482.13,1498.6200000000001,111.941395,9077.76,-7691.081395,SUPERMERCADO FERREIRA - ME,Mini Rede
000349,3000.7,642.06,57.666265,8232.48,-7648.086265,COMÉRCIO DE ALIMENTOS OLIVEIRA EIRELI,Mini Rede
000285,1152.93,235.35000000000002,14.299721,7819.200000000001,-7598.149721000001,COMERCIAL OLIVEIRA EIRELI,Mini Rede
000142,5526.42,2056.7400000000002,34.946601,9390.0,-7368.206601,MERCADO COSTA LTDA,Padaria
000033,30418.84,8391.16,713.899983,14824.32,-7147.059983,EMPÓRIO ANDRADE LTDA,Mini Rede
000030,2999.63,678.3299999999999,40.855587,7707.84,-7070.365587,DISTRIBUIDORA ALMEIDA LTDA,Bar/Restaurante
000393,1885.1100000000001,487.87,34.074905,7515.36,-7061.564904999999,DISTRIBUIDORA REZENDE LTDA,Mini Rede
000398,2266.95,549.68,25.086548,7568.4,-7043.806548,EMPÓRIO REZENDE LTDA,Mini Rede
000442,2366.6,516.7,0.0,7542.24,-7025.54,COMÉRCIO DE ALIMENTOS FERREIRA LTDA,Bar/Restaurante
000076,11557.38,2691.31,195.25770799999998,9466.8,-6970.747707999999,COMERCIAL OLIVEIRA EIRELI,Food Service
000428,19253.9,5136.2699999999995,458.323602,11572.32,-6894.373602000001,SUPERMERCADO FERREIRA EIRELI,Mini Rede
000116,607.35,111.52,13.29256,6919.799999999999,-6821.57256,COMERCIAL ALMEIDA - ME,Food Service
000465,6003.29,1346.32,132.197066,7968.0,-6753.877066,DISTRIBUIDORA SOUZA - ME,Bar/Restaurante
000410,778.27,124.34,16.620807,6768.720000000001,-6661.000807000001,EMPÓRIO PEREIRA - ME,Bar/Restaurante
000084,18198.72,5068.02,165.159188,11367.720000000001,-6464.859188,EMPÓRIO ANDRADE EIRELI,Food Service
000127,8454.92,2262.92,212.77192200000002,8396.16,-6346.011922,MERCADO COSTA LTDA,Padaria
000054,4303.88,1001.9100000000001,49.477306999999996,7297.92,-6345.487307,SUPERMERCADO ALMEIDA - ME,Food Service
000115,6290.67,1764.5000000000002,146.759669,7958.4,-6340.659669,DISTRIBUIDORA SOUZA EIRELI,Padaria
000223,951.35,174.40000000000003,20.825176,6300.0,-6146.425176,SUPERMERCADO REZENDE LTDA,Conveniência
000157,10374.06,2955.88,209.880725,8862.72,-6116.720724999999,COMÉRCIO DE ALIMENTOS OLIVEIRA LTDA,Padaria
000073,23836.3,6480.41,533.639895,11710.079999999998,-5763.3098949999985,COMERCIAL COSTA LTDA,Bar/Restaurante
000192,1064.73,317.64,0.0,5985.84,-5668.2,COMÉRCIO DE ALIMENTOS ANDRADE LTDA,Mini Rede
000445,3454.0499999999997,865.68,67.706572,6312.24,-5514.2665719999995,COMERCIAL OLIVEIRA LTDA,Padaria
000491,3614.15,784.3199999999999,86.693218,6108.48,-5410.853217999999,COMÉRCIO DE ALIMENTOS NOGUEIRA - ME,Conveniência
000051,924.54,187.32,7.1689620000000005,5574.72,-5394.568962,MERCADO COSTA - ME,Mercado de Bairro
000096,2723.89,723.09,57.089709,6005.16,-5339.159709,COMÉRCIO DE ALIMENTOS SOUZA EIRELI,Mercado de Bairro
000303,2397.92,398.4,33.38514,5657.76,-5292.74514,COMERCIAL FERREIRA EIRELI,Mini Rede
000020,10069.9,2330.35,203.313864,7355.160000000001,-5228.123864000001,SUPERMERCADO ALMEIDA LTDA,Padaria
000124,1666.59,393.42999999999995,38.647624,5577.6,-5222.817624,COMÉRCIO DE ALIMENTOS OLIVEIRA LTDA,Mercado de Bairro
000167,3426.34,1076.0900000000001,41.741647,6126.0,-5091.651647,SUPERMERCADO FERREIRA LTDA,Bar/Restaurante
000317,844.94,154.09,9.898829000000001,5137.92,-4993.728829,DISTRIBUIDORA OLIVEIRA - ME,Padaria
000136,11597.51,2960.82,258.553046,7471.68,-4769.413046,EMPÓRIO PEREIRA EIRELI,Food Service
000107,1603.45,377.83,19.006483,5119.799999999999,-4760.9764829999995,DISTRIBUIDORA OLIVEIRA - ME,Food Service
000295,1446.15,396.5,29.190292,5094.720000000001,-4727.410292000001,DISTRIBUIDORA ANDRADE LTDA,Padaria
000248,3948.73,658.47,92.268125,5141.4,-4575.198125,DISTRIBUIDORA ANDRADE EIRELI,Bar/Restaurante
000147,18349.63,5504.79,363.012063,9673.2,-4531.422063000001,COMÉRCIO DE ALIMENTOS FERREIRA LTDA,Mercado de Bairro
000122,2636.32,357.77,30.202013,4836.24,-4508.672012999999,SUPERMERCADO DO VALE - ME,Food Service
000106,5980.59,1608.84,110.591403,5983.68,-4485.4314030000005,COMÉRCIO DE ALIMENTOS COSTA LTDA,Bar/Restaurante
000056,4681.27,1087.6100000000001,103.19936,5447.16,-4462.74936,DISTRIBUIDORA PEREIRA EIRELI,Bar/Restaurante
000251,3830.0299999999997,720.53,78.500266,5077.8,-4435.770266,DISTRIBUIDORA COSTA - ME,Food Service
000274,359.63,108.94,0.0,4512.0,-4403.06,EMPÓRIO NOGUEIRA - ME,Food Service
000387,23267.54,4738.2,511.321401,8562.119999999999,-4335.241400999999,EMPÓRIO DO VALE - ME,Mercado de Bairro
000372,10227.12,3238.98,213.973803,7339.200000000001,-4314.193803,DISTRIBUIDORA NOGUEIRA LTDA,Food Service
000186,4666.28,1124.14,0.0,5402.16,-4278.0199999999995,COMERCIAL ANDRADE LTDA,Mini Rede
000453,4384.96,1075.84,53.140015999999996,5282.64,-4259.9400160000005,SUPERMERCADO REZENDE LTDA,Mini Rede
000238,1228.74,308.43,11.395374,4520.16,-4223.125374,MERCADO PEREIRA - ME,Conveniência
000261,1964.66,459.27000000000004,40.585312,4596.0,-4177.315312,MERCADO OLIVEIRA - ME,Conveniência
000188,7902.61,2215.22,177.160483,6207.12,-4169.060483,COMERCIAL COSTA - ME,Padaria
000390,17202.78,4223.15,376.548362,7968.0,-4121.398362,COMÉRCIO DE ALIMENTOS NOGUEIRA - ME,Mercado de Bairro
000163,3965.38,1273.0300000000002,88.193674,5265.36,-4080.5236739999996,COMERCIAL COSTA - ME,Padaria
000031,700.1700000000001,124.72999999999999,0.0,4088.88,-3964.15,COMÉRCIO DE ALIMENTOS COSTA LTDA,Mercado de Bairro
000156,5636.73,963.97,137.792417,4788.0,-3961.822417,COMERCIAL SILVA EIRELI,Mini Rede
000302,3847.03,768.5500000000001,84.504343,4635.0,-3950.954343,SUPERMERCADO SILVA - ME,Mercado de Bairro
000361,641.74,210.11,10.983003,4113.6,-3914.4730030000005,DISTRIBUIDORA SOUZA LTDA,Mini Rede
000275,2672.38,617.38,53.831565,4474.08,-3910.531565,EMPÓRIO SOUZA LTDA,Mini Rede
000429,1309.49,240.79,32.173248,4046.3999999999996,-3837.7832479999997,DISTRIBUIDORA DO VALE LTDA,Mini Rede
000288,10576.53,2641.72,0.0,6369.0,-3727.28,COMERCIAL COSTA LTDA,Food Service
000113,7875.24,2557.68,59.824157,6217.92,-3720.0641570000003,COMERCIAL PEREIRA EIRELI,Mini Rede
000047,9790.2,2555.56,230.225591,5987.5199999999995,-3662.1855909999995,COMERCIAL SOUZA EIRELI,Mercado de Bairro
000166,1903.66,319.24999999999994,19.721176,3958.2000000000003,-3658.6711760000003,COMÉRCIO DE ALIMENTOS SOUZA - ME,Bar/Restaurante
000494,517.33,119.76,0.0,3747.3599999999997,-3627.5999999999995,EMPÓRIO SOUZA LTDA,Food Service
000254,20954.0,5677.820000000001,331.528094,8934.48,-3588.188093999999,MERCADO REZENDE LTDA,Food Service
000407,13775.33,3183.92,0.0,6742.5599999999995,-3558.6399999999994,SUPERMERCADO FERREIRA LTDA,Padaria
000215,10451.26,3021.73,97.144564,6445.32,-3520.734564,EMPÓRIO SILVA EIRELI,Mini Rede
000272,4430.5,932.5,0.0,4406.76,-3474.26,MERCADO FERREIRA LTDA,Mini Rede
000149,3209.29,850.63,29.770972999999998,4283.5199999999995,-3462.6609729999996,MERCADO ANDRADE - ME,Conveniência
000086,3438.19,774.68,36.498032,4014.7200000000003,-3276.5380320000004,MERCADO DO VALE LTDA,Conveniência
000213,2415.55,595.7900000000001,40.739241,3612.84,-3057.789241,DISTRIBUIDORA BITTENCOURT LTDA,Mini Rede
000342,5701.6,1526.66,82.594956,4463.639999999999,-3019.5749559999995,MERCADO SOUZA LTDA,Bar/Restaurante
000328,2128.65,510.13,0.0,3457.2,-2947.0699999999997,MERCADO ALMEIDA LTDA,Food Service
000092,3091.03,1147.4199999999998,86.13489999999999,3973.92,-2912.6349,DISTRIBUIDORA BITTENCOURT LTDA,Mercado de Bairro
000457,17135.079999999998,4351.26,381.86734,6851.52,-2882.12734,MERCADO REZENDE LTDA,Mini Rede
000338,4328.38,992.92,91.402801,3757.44,-2855.922801,COMERCIAL SOUZA EIRELI,Food Service
000333,11446.98,2660.87,119.066622,5391.120000000001,-2849.3166220000007,COMÉRCIO DE ALIMENTOS OLIVEIRA LTDA,Bar/Restaurante
000038,3961.95,1243.77,77.010972,3964.68,-2797.920972,DISTRIBUIDORA PEREIRA EIRELI,Food Service
000493,1334.33,438.02000000000004,29.607208,3187.8,-2779.387208,MERCADO ALMEIDA LTDA,Padaria
000267,7449.3,1833.05,177.47626,4371.36,-2715.78626,COMÉRCIO DE ALIMENTOS SOUZA - ME,Bar/Restaurante
000309,2778.62,619.8000000000001,65.802975,3257.2799999999997,-2703.2829749999996,COMERCIAL FERREIRA LTDA,Mini Rede
000375,12223.869999999999,3256.19,273.712629,5636.4,-2653.9226289999997,MERCADO NOGUEIRA EIRELI,Mini Rede
000195,3323.73,600.73,75.565068,3148.56,-2623.395068,COMÉRCIO DE ALIMENTOS PEREIRA - ME,Conveniência
000381,585.58,60.02999999999999,11.343221,2599.2,-2550.5132209999997,COMERCIAL BITTENCOURT EIRELI,Bar/Restaurante
000273,10855.2,2614.8599999999997,0.0,5076.4800000000005,-2461.620000000001,MERCADO PEREIRA LTDA,Food Service
000176,3085.82,808.03,69.517964,3195.6000000000004,-2457.0879640000003,MERCADO SILVA EIRELI,Mini Rede
000479,10180.53,3090.93,219.702427,5293.4400000000005,-2422.212427000001,MERCADO FERREIRA LTDA,Mini Rede
000351,4201.26,978.69,118.911444,3267.12,-2407.3414439999997,EMPÓRIO OLIVEIRA EIRELI,Conveniência
000414,1428.46,293.19,13.898297,2680.2000000000003,-2400.9082970000004,EMPÓRIO OLIVEIRA - ME,Bar/Restaurante
000059,8419.95,2104.46,61.404782,4423.200000000001,-2380.1447820000008,SUPERMERCADO COSTA LTDA,Padaria
000434,1205.02,213.01,33.060707,2411.88,-2231.930707,MERCADO COSTA EIRELI,Mercado de Bairro
000492,1334.56,305.72999999999996,25.454389,2489.2799999999997,-2209.0043889999997,MERCADO FERREIRA - ME,Bar/Restaurante
000399,7085.12,1832.0600000000002,90.680495,3869.2799999999997,-2127.900495,DISTRIBUIDORA SOUZA LTDA,Mercado de Bairro
000436,508.55,110.26,11.019175,2147.88,-2048.6391750000003,MERCADO BITTENCOURT - ME,Conveniência
000077,5914.99,1511.94,148.597885,3401.2799999999997,-2037.9378849999996,COMÉRCIO DE ALIMENTOS OLIVEIRA LTDA,Padaria
000088,277.19,87.95,4.729035,2116.2,-2032.9790349999998,MERCADO SILVA LTDA,Conveniência
000324,1507.0,314.8,27.126334,2291.3999999999996,-2003.7263339999995,COMÉRCIO DE ALIMENTOS FERREIRA EIRELI,Mini Rede
000083,3532.14,767.0,0.0,2723.04,-1956.04,SUPERMERCADO OLIVEIRA LTDA,Mercado de Bairro
000130,2447.45,772.6899999999999,41.679142,2623.32,-1892.309142,EMPÓRIO ALMEIDA LTDA,Mini Rede
000230,292.94,110.46000000000001,3.533845,1971.12,-1864.1938449999998,COMERCIAL SILVA LTDA,Mini Rede
000258,7232.34,2320.91,164.845944,3981.6000000000004,-1825.5359440000007,DISTRIBUIDORA ANDRADE - ME,Mercado de Bairro
000172,9654.08,2211.43,228.093025,3745.44,-1762.1030250000003,COMÉRCIO DE ALIMENTOS BITTENCOURT LTDA,Bar/Restaurante
000001,2284.59,500.1,0.0,2243.16,-1743.06,DISTRIBUIDORA ANDRADE EIRELI,Bar/Restaurante
000169,3951.21,960.4099999999999,74.48013,2613.12,-1727.19013,SUPERMERCADO ANDRADE LTDA,Padaria
000318,994.08,340.89000000000004,20.408773,2013.12,-1692.638773,COMÉRCIO DE ALIMENTOS OLIVEIRA EIRELI,Padaria
000331,12376.0,3876.23,274.726932,5289.12,-1687.616932,EMPÓRIO OLIVEIRA - ME,Food Service
000484,9130.47,2685.15,195.38524,4161.0,-1671.23524,SUPERMERCADO COSTA - ME,Mini Rede
000404,29402.71,6366.45,389.364849,7496.16,-1519.0748489999996,SUPERMERCADO ANDRADE LTDA,Mini Rede
000069,13904.19,3678.3,334.837878,4832.64,-1489.177878,SUPERMERCADO SILVA - ME,Food Service
000183,16869.77,4375.87,379.468012,5481.0,-1484.598012,EMPÓRIO BITTENCOURT LTDA,Bar/Restaurante
000017,1300.73,294.3,26.429909000000002,1739.28,-1471.409909,EMPÓRIO SILVA EIRELI,Food Service
000294,1626.72,404.89000000000004,0.0,1865.52,-1460.6299999999999,EMPÓRIO ANDRADE - ME,Bar/Restaurante
000236,4238.45,927.81,92.41195499999999,2288.64,-1453.241955,MERCADO ANDRADE LTDA,Mercado de Bairro
000271,644.16,94.36999999999998,14.560355,1524.72,-1444.910355,EMPÓRIO ANDRADE - ME,Padaria
000345,4751.68,1238.44,83.975269,2496.96,-1342.495269,SUPERMERCADO NOGUEIRA - ME,Conveniência
000440,2123.72,433.25,42.354164000000004,1695.84,-1304.944164,COMERCIAL NOGUEIRA - ME,Mini Rede
000483,6459.0,1622.52,83.475126,2832.0,-1292.955126,COMERCIAL BITTENCOURT - ME,Conveniência
000391,5248.95,1265.02,0.0,2488.8,-1223.7800000000002,DISTRIBUIDORA OLIVEIRA - ME,Bar/Restaurante
000225,10083.83,3200.88,0.0,4421.76,-1220.88,MERCADO NOGUEIRA LTDA,Food Service
000131,2549.33,522.2,0.0,1734.2400000000002,-1212.0400000000002,COMERCIAL ALMEIDA LTDA,Conveniência
000291,6346.01,1575.46,137.116959,2608.32,-1169.976959,DISTRIBUIDORA ANDRADE LTDA,Bar/Restaurante
000090,173.54,39.349999999999994,0.0,1206.72,-1167.3700000000001,COMÉRCIO DE ALIMENTOS ALMEIDA LTDA,Conveniência
000305,15832.82,4024.1800000000003,308.155938,4880.16,-1164.1359379999994,COMERCIAL SILVA LTDA,Bar/Restaurante
000239,4152.57,1247.8799999999999,35.181355999999994,2219.7599999999998,-1007.0613559999999,COMÉRCIO DE ALIMENTOS BITTENCOURT LTDA,Mercado de Bairro
000009,2586.49,569.38,62.717264,1476.6,-969.9372639999999,MERCADO SOUZA EIRELI,Mercado de Bairro
000011,5204.75,1190.52,0.0,2149.44,-958.9200000000001,MERCADO PEREIRA LTDA,Bar/Restaurante
000496,31464.29,9990.57,399.248442,10490.76,-899.4384420000006,COMÉRCIO DE ALIMENTOS ANDRADE EIRELI,Bar/Restaurante
000357,2455.21,697.3499999999999,21.92896,1467.1200000000001,-791.6989600000002,COMERCIAL SOUZA LTDA,Padaria
000320,1811.26,382.4100000000001,33.052931,1110.96,-761.6029309999999,SUPERMERCADO BITTENCOURT LTDA,Padaria
000447,20961.72,5560.54,277.049102,6040.4400000000005,-756.9491020000005,COMERCIAL DO VALE LTDA,Bar/Restaurante
000091,44257.23,12605.64,642.82265,12717.599999999999,-754.7826499999992,DISTRIBUIDORA ALMEIDA LTDA,Food Service
000437,3237.25,578.93,33.696977,1252.56,-707.3269769999999,COMERCIAL SOUZA - ME,Conveniência
000476,11873.46,3534.6499999999996,274.451865,3925.7999999999997,-665.6018650000001,DISTRIBUIDORA PEREIRA LTDA,Bar/Restaurante
000355,13139.42,4299.62,308.678362,4649.039999999999,-658.0983619999993,COMERCIAL SILVA LTDA,Bar/Restaurante
000016,1965.83,434.94,22.658537,1053.6,-641.3185369999999,EMPÓRIO ALMEIDA - ME,Food Service
000087,12908.34,3901.6699999999996,0.0,4524.24,-622.5700000000002,MERCADO OLIVEIRA - ME,Food Service
000002,9933.7,1985.48,224.30925,2364.0,-602.82925,MERCADO SILVA LTDA,Conveniência
000041,29001.23,7672.63,654.870473,7596.959999999999,-579.200472999999,SUPERMERCADO COSTA - ME,Food Service
000143,511.26,148.07,10.828092,656.52,-519.278092,COMÉRCIO DE ALIMENTOS BITTENCOURT - ME,Padaria
000411,4012.31,1430.73,68.902761,1846.1999999999998,-484.37276099999985,EMPÓRIO SILVA EIRELI,Padaria
000292,6354.66,2010.57,164.57154,2288.88,-442.8815400000001,EMPÓRIO NOGUEIRA LTDA,Mini Rede
000110,12823.53,3440.0699999999997,267.477355,3603.84,-431.2473550000004,SUPERMERCADO OLIVEIRA - ME,Bar/Restaurante
000058,1530.58,227.19,18.332982,604.4399999999999,-395.58298199999996,EMPÓRIO OLIVEIRA - ME,Mercado de Bairro
000337,982.1,191.95999999999998,15.265233,568.08,-391.3852330000001,MERCADO ALMEIDA LTDA,Mercado de Bairro
000266,4778.21,1029.8500000000001,102.313806,1302.48,-374.9438059999999,MERCADO NOGUEIRA LTDA,Padaria
000037,2054.87,516.78,52.095334,804.96,-340.27533400000004,SUPERMERCADO NOGUEIRA LTDA,Bar/Restaurante
000245,5212.88,966.59,41.199657,1225.68,-300.28965700000003,COMERCIAL FERREIRA LTDA,Padaria
000473,11658.94,2690.84,167.113772,2820.2400000000002,-296.51377200000024,COMERCIAL PEREIRA LTDA,Conveniência
000034,1564.08,448.44999999999993,35.181627999999996,633.72,-220.45162800000008,EMPÓRIO BITTENCOURT LTDA,Bar/Restaurante
000365,26828.29,6978.01,606.060429,6570.24,-198.29042899999968,COMERCIAL SILVA LTDA,Food Service
000452,20842.77,5206.69,483.440464,4908.12,-184.87046400000054,EMPÓRIO OLIVEIRA LTDA,Food Service
000085,3996.96,1096.1999999999998,88.89121,1163.04,-155.73121000000015,EMPÓRIO FERREIRA EIRELI,Food Service
000024,6642.45,1575.4099999999999,129.563293,1594.08,-148.233293,SUPERMERCADO DO VALE EIRELI,Padaria
000486,11276.55,3500.16,0.0,3635.5200000000004,-135.36000000000058,SUPERMERCADO REZENDE LTDA,Bar/Restaurante
000463,2665.71,653.62,44.122921,688.3199999999999,-78.82292099999995,MERCADO OLIVEIRA - ME,Bar/Restaurante
000409,4659.02,1258.41,97.558176,1237.44,-76.58817599999998,DISTRIBUIDORA NOGUEIRA EIRELI,Food Service
000467,5823.76,1425.38,51.024096,1416.6000000000001,-42.24409600000013,EMPÓRIO COSTA LTDA,Padaria
998615,16.55,-0.019999999999999574,0.0,0.0,-0.019999999999999574,,
981373,739.41,0.0,0.0,0.0,0.0,,
984790,20.33,0.0,0.0,0.0,0.0,,
981718,38.2,0.0,0.0,0.0,0.0,,
979194,128.28,0.0,0.0,0.0,0.0,,
982587,200.33,0.0,0.0,0.0,0.0,,
981222,112.84,0.0,0.0,0.0,0.0,,
982564,435.8,0.0,0.0,0.0,0.0,,
981925,58.4,0.0,0.0,0.0,0.0,,
983038,261.36,0.0,0.0,0.0,0.0,,
981595,304.8,0.0,0.0,0.0,0.0,,
991565,337.26,0.0,0.0,0.0,0.0,,
985698,814.35,0.0,0.0,0.0,0.0,,
998973,1070.72,0.0,0.0,0.0,0.0,,
998625,70.11,0.0,0.0,0.0,0.0,,
998203,256.56,0.0,0.0,0.0,0.0,,
997354,21.92,0.0,0.0,0.0,0.0,,
996818,41.4,0.0,0.0,0.0,0.0,,
996148,46.74,0.0,0.0,0.0,0.0,,
994426,171.18,0.0,0.0,0.0,0.0,,
993764,243.9,0.0,0.0,0.0,0.0,,
992952,45.65,0.0,0.0,0.0,0.0,,
985575,16.32,0.0,0.0,0.0,0.0,,
992816,185.28,0.0,0.0,0.0,0.0,,
991722,65.1,0.0,0.0,0.0,0.0,,
991471,227.16,0.0,0.0,0.0,0.0,,
990805,81.02,0.0,0.0,0.0,0.0,,
990608,461.1,0.0,0.0,0.0,0.0,,
989883,127.32,0.0,0.0,0.0,0.0,,
988668,164.1,0.0,0.0,0.0,0.0,,
988659,423.6,0.0,0.0,0.0,0.0,,
986537,117.75,0.0,0.0,0.0,0.0,,
986200,178.22,0.0,0.0,0.0,0.0,,
991802,11.5,0.0,0.0,0.0,0.0,,
979046,119.88,0.0,0.0,0.0,0.0,,
919354,244.2,0.0,0.0,0.0,0.0,,
976678,71.9,0.0,0.0,0.0,0.0,,
943106,32.02,0.0,0.0,0.0,0.0,,
942636,41.24,0.0,0.0,0.0,0.0,,
942340,211.77,0.0,0.0,0.0,0.0,,
941990,36.66,0.0,0.0,0.0,0.0,,
940163,138.5,0.0,0.0,0.0,0.0,,
938914,71.92,0.0,0.0,0.0,0.0,,
938732,61.76,0.0,0.0,0.0,0.0,,
936134,185.95,0.0,0.0,0.0,0.0,,
935396,30.96,0.0,0.0,0.0,0.0,,
934599,130.7,0.0,0.0,0.0,0.0,,
932970,41.35,0.0,0.0,0.0,0.0,,
931695,577.53,0.0,0.0,0.0,0.0,,
931443,53.76,0.0,0.0,0.0,0.0,,
910988,135.03,0.0,0.0,0.0,0.0,,
930908,285.85,0.0,0.0,0.0,0.0,,
912877,35.4,0.0,0.0,0.0,0.0,,
926819,20.88,0.0,0.0,0.0,0.0,,
926292,32.5,0.0,0.0,0.0,0.0,,
926140,61.06,0.0,0.0,0.0,0.0,,
925707,763.8,0.0,0.0,0.0,0.0,,
913065,73.97,0.0,0.0,0.0,0.0,,
923631,172.25,0.0,0.0,0.0,0.0,,
923558,307.2,0.0,0.0,0.0,0.0,,
915743,290.3,0.0,0.0,0.0,0.0,,
917235,389.4,0.0,0.0,0.0,0.0,,
923323,36.88,0.0,0.0,0.0,0.0,,
918123,565.62,0.0,0.0,0.0,0.0,,
943756,117.3,0.0,0.0,0.0,0.0,,
978848,40.7,0.0,0.0,0.0,0.0,,
944660,811.95,0.0,0.0,0.0,0.0,,
946446,52.26,0.0,0.0,0.0,0.0,,
975115,22.59,0.0,0.0,0.0,0.0,,
975042,528.58,0.0,0.0,0.0,0.0,,
974603,75.12,0.0,0.0,0.0,0.0,,
974375,93.54,0.0,0.0,0.0,0.0,,
973962,48.9,0.0,0.0,0.0,0.0,,
922211,580.03,0.0,0.0,0.0,0.0,,
971443,484.88,0.0,0.0,0.0,0.0,,
969038,76.56,0.0,0.0,0.0,0.0,,
968599,401.52,0.0,0.0,0.0,0.0,,
964823,81.09,0.0,0.0,0.0,0.0,,
964339,50.92,0.0,0.0,0.0,0.0,,
963616,361.06,0.0,0.0,0.0,0.0,,
961989,110.68,0.0,0.0,0.0,0.0,,
959572,153.0,0.0,0.0,0.0,0.0,,
955619,354.31,0.0,0.0,0.0,0.0,,
955392,346.5,0.0,0.0,0.0,0.0,,
954987,234.24,0.0,0.0,0.0,0.0,,
954108,76.24,0.0,0.0,0.0,0.0,,
952904,302.88,0.0,0.0,0.0,0.0,,
951994,109.13,0.0,0.0,0.0,0.0,,
951099,43.28,0.0,0.0,0.0,0.0,,
950121,493.5,0.0,0.0,0.0,0.0,,
949377,295.76,0.0,0.0,0.0,0.0,,
948975,13.95,0.0,0.0,0.0,0.0,,
948714,333.76,0.0,0.0,0.0,0.0,,
948583,162.3,0.0,0.0,0.0,0.0,,
946665,60.0,0.0,0.0,0.0,0.0,,
944743,402.99,0.0,0.0,0.0,0.0,,
922268,266.7,0.0,0.0,0.0,0.0,,
999642,261.7,0.0,0.0,0.0,0.0,,
943767,13.52,0.5599999999999987,0.0,0.0,0.5599999999999987,,
940816,6.66,0.5800000000000001,0.0,0.0,0.5800000000000001,,
952924,13.74,0.75,0.0,0.0,0.75,,
998463,12.69,0.7899999999999991,0.0,0.0,0.7899999999999991,,
944532,16.98,1.040000000000001,0.0,0.0,1.040000000000001,,
940929,8.02,1.2199999999999998,0.0,0.0,1.2199999999999998,,
985874,6.81,1.7999999999999998,0.0,0.0,1.7999999999999998,,
945625,11.41,1.9000000000000004,0.0,0.0,1.9000000000000004,,
960972,19.4,2.0799999999999983,0.0,0.0,2.0799999999999983,,
941586,12.82,2.3100000000000005,0.0,0.0,2.3100000000000005,,
995601,9.59,2.4799999999999995,0.0,0.0,2.4799999999999995,,
934254,15.27,2.6899999999999995,0.0,0.0,2.6899999999999995,,
985832,28.78,2.8599999999999994,0.0,0.0,2.8599999999999994,,
949355,22.36,2.969999999999999,0.0,0.0,2.969999999999999,,
937814,23.19,3.0,0.0,0.0,3.0,,
979229,55.24,3.039999999999999,0.0,0.0,3.039999999999999,,
976048,12.75,3.1400000000000006,0.0,0.0,3.1400000000000006,,
949669,11.43,3.1500000000000004,0.0,0.0,3.1500000000000004,,
966759,19.1,3.160000000000002,0.0,0.0,3.160000000000002,,
940688,14.02,3.219999999999999,0.0,0.0,3.219999999999999,,
962985,31.0,3.3999999999999986,0.0,0.0,3.3999999999999986,,
934444,12.22,3.450000000000001,0.0,0.0,3.450000000000001,,
969487,20.58,3.8599999999999994,0.0,0.0,3.8599999999999994,,
981127,14.85,3.9000000000000004,0.0,0.0,3.9000000000000004,,
918727,17.7,3.9299999999999997,0.0,0.0,3.9299999999999997,,
922138,16.35,3.980000000000002,0.0,0.0,3.980000000000002,,
945793,23.99,4.109999999999999,0.0,0.0,4.109999999999999,,
957645,17.16,4.210000000000001,0.0,0.0,4.210000000000001,,
960796,26.36,4.219999999999999,0.0,0.0,4.219999999999999,,
950257,21.52,4.23,0.0,0.0,4.23,,
922758,14.41,4.35,0.0,0.0,4.35,,
982051,16.6,4.350000000000001,0.0,0.0,4.350000000000001,,
912555,23.76,4.370000000000001,0.0,0.0,4.370000000000001,,
985563,12.7,4.42,0.0,0.0,4.42,,
994205,15.28,4.459999999999999,0.0,0.0,4.459999999999999,,
967222,27.42,4.5,0.0,0.0,4.5,,
951128,32.54,4.68,0.0,0.0,4.68,,
967561,50.91,4.739999999999995,0.0,0.0,4.739999999999995,,
952962,21.66,4.940000000000001,0.0,0.0,4.940000000000001,,
978291,23.15,4.949999999999999,0.0,0.0,4.949999999999999,,
984905,16.38,5.079999999999998,0.0,0.0,5.079999999999998,,
995290,20.44,5.140000000000001,0.0,0.0,5.140000000000001,,
910722,21.69,5.16,0.0,0.0,5.16,,
981493,20.34,5.220000000000001,0.0,0.0,5.220000000000001,,
939746,24.39,5.399999999999999,0.0,0.0,5.399999999999999,,
996783,34.13,5.650000000000002,0.0,0.0,5.650000000000002,,
947906,27.84,5.829999999999998,0.0,0.0,5.829999999999998,,
960066,32.75,5.899999999999999,0.0,0.0,5.899999999999999,,
919349,20.18,5.959999999999999,0.0,0.0,5.959999999999999,,
918815,27.14,6.07,0.0,0.0,6.07,,
973176,16.21,6.15,0.0,0.0,6.15,,
969270,32.17,6.25,0.0,0.0,6.25,,
980046,26.0,6.280000000000001,0.0,0.0,6.280000000000001,,
981175,13.73,6.48,0.0,0.0,6.48,,
931953,22.94,6.59,0.0,0.0,6.59,,
921837,23.08,6.68,0.0,0.0,6.68,,
947305,29.95,6.829999999999998,0.0,0.0,6.829999999999998,,
938582,28.92,6.880000000000003,0.0,0.0,6.880000000000003,,
989466,20.25,6.949999999999999,0.0,0.0,6.949999999999999,,
953500,25.0,7.02,0.0,0.0,7.02,,
930624,17.11,7.049999999999999,0.0,0.0,7.049999999999999,,
946661,19.29,7.199999999999999,0.0,0.0,7.199999999999999,,
922178,38.25,7.349999999999998,0.0,0.0,7.349999999999998,,
938078,30.7,7.359999999999999,0.0,0.0,7.359999999999999,,
960947,25.13,7.640000000000001,0.0,0.0,7.640000000000001,,
999169,32.84,7.700000000000003,0.0,0.0,7.700000000000003,,
967710,29.16,7.800000000000001,0.0,0.0,7.800000000000001,,
953542,28.59,7.84,0.0,0.0,7.84,,
930463,26.67,8.090000000000003,0.0,0.0,8.090000000000003,,
964916,47.98,8.219999999999999,0.0,0.0,8.219999999999999,,
941019,23.84,8.22,0.0,0.0,8.22,,
989998,51.66,8.489999999999995,0.0,0.0,8.489999999999995,,
923188,32.3,8.559999999999999,0.0,0.0,8.559999999999999,,
981807,41.66,8.689999999999998,0.0,0.0,8.689999999999998,,
910817,33.17,8.720000000000002,0.0,0.0,8.720000000000002,,
986207,38.6,9.190000000000001,0.0,0.0,9.190000000000001,,
998426,32.4,9.2,0.0,0.0,9.2,,
921464,24.48,9.33,0.0,0.0,9.33,,
964831,36.45,9.330000000000005,0.0,0.0,9.330000000000005,,
943511,40.26,9.359999999999996,0.0,0.0,9.359999999999996,,
975130,42.24,9.380000000000003,0.0,0.0,9.380000000000003,,
946880,34.66,9.519999999999996,0.0,0.0,9.519999999999996,,
956827,27.09,9.559999999999999,0.0,0.0,9.559999999999999,,
944426,37.4,9.579999999999998,0.0,0.0,9.579999999999998,,
983697,28.48,9.719999999999999,0.0,0.0,9.719999999999999,,
911338,43.53,9.759999999999998,0.0,0.0,9.759999999999998,,
951896,35.84,10.100000000000005,0.0,0.0,10.100000000000005,,
939139,27.67,10.350000000000001,0.0,0.0,10.350000000000001,,
974051,36.26,10.36,0.0,0.0,10.36,,
937659,36.24,10.520000000000003,0.0,0.0,10.520000000000003,,
998736,26.99,10.639999999999997,0.0,0.0,10.639999999999997,,
974360,36.33,10.740000000000002,0.0,0.0,10.740000000000002,,
933954,40.86,10.8,0.0,0.0,10.8,,
938566,37.64,10.82,0.0,0.0,10.82,,
971219,29.06,10.919999999999998,0.0,0.0,10.919999999999998,,
912740,53.14,11.340000000000003,0.0,0.0,11.340000000000003,,
974380,42.85,11.400000000000002,0.0,0.0,11.400000000000002,,
992443,30.15,11.479999999999997,0.0,0.0,11.479999999999997,,
932007,32.91,11.639999999999997,0.0,0.0,11.639999999999997,,
982139,29.92,11.71,0.0,0.0,11.71,,
939518,42.16,12.079999999999998,0.0,0.0,12.079999999999998,,
981547,28.74,12.11,0.0,0.0,12.11,,
920395,32.57,12.21,0.0,0.0,12.21,,
911347,95.49,12.509999999999991,0.0,0.0,12.509999999999991,,
924792,32.52,12.600000000000001,0.0,0.0,12.600000000000001,,
930232,79.14,12.629999999999995,0.0,0.0,12.629999999999995,,
915011,52.32,12.780000000000001,0.0,0.0,12.780000000000001,,
922454,42.24,12.950000000000003,0.0,0.0,12.950000000000003,,
959125,60.85,13.049999999999997,0.0,0.0,13.049999999999997,,
911314,50.4,13.199999999999996,0.0,0.0,13.199999999999996,,
999508,49.36,13.249999999999998,0.0,0.0,13.249999999999998,,
920947,41.96,13.3,0.0,0.0,13.3,,
961205,52.64,13.719999999999999,0.0,0.0,13.719999999999999,,
974062,93.04,14.16000000000001,0.0,0.0,14.16000000000001,,
927214,41.4,14.189999999999998,0.0,0.0,14.189999999999998,,
933119,45.38,14.270000000000003,0.0,0.0,14.270000000000003,,
953585,40.69,14.319999999999997,0.0,0.0,14.319999999999997,,
961676,106.02,14.399999999999991,0.0,0.0,14.399999999999991,,
932727,41.67,14.700000000000003,0.0,0.0,14.700000000000003,,
934412,51.46,14.730000000000004,0.0,0.0,14.730000000000004,,
935514,33.45,14.800000000000004,0.0,0.0,14.800000000000004,,
958042,47.53,14.89,0.0,0.0,14.89,,
925430,44.58,15.139999999999997,0.0,0.0,15.139999999999997,,
982582,87.66,15.359999999999985,0.0,0.0,15.359999999999985,,
963129,52.16,15.579999999999998,0.0,0.0,15.579999999999998,,
916903,67.1,15.599999999999994,0.0,0.0,15.599999999999994,,
935545,56.88,15.760000000000005,0.0,0.0,15.760000000000005,,
987581,44.3,15.979999999999997,0.0,0.0,15.979999999999997,,
915502,44.46,15.98,0.0,0.0,15.98,,
917054,71.28,16.18,0.0,0.0,16.18,,
925691,52.77,16.25,0.0,0.0,16.25,,
932041,44.46,16.29,0.0,0.0,16.29,,
946546,81.76,16.320000000000007,0.0,0.0,16.320000000000007,,
967008,53.12,16.339999999999996,0.0,0.0,16.339999999999996,,
931244,55.72,16.799999999999997,0.0,0.0,16.799999999999997,,
997431,48.05,16.939999999999998,0.0,0.0,16.939999999999998,,
923093,59.79,17.309999999999995,0.0,0.0,17.309999999999995,,
949255,47.61,17.369999999999997,0.0,0.0,17.369999999999997,,
956841,76.05,17.72999999999999,0.0,0.0,17.72999999999999,,
968765,62.55,18.18,0.0,0.0,18.18,,
929002,63.42,18.410000000000004,0.0,0.0,18.410000000000004,,
955773,58.13,18.590000000000003,0.0,0.0,18.590000000000003,,
973865,72.9,18.66000000000001,0.0,0.0,18.66000000000001,,
922195,62.52,18.720000000000006,0.0,0.0,18.720000000000006,,
924568,58.2,18.840000000000003,0.0,0.0,18.840000000000003,,
934300,56.89,18.840000000000003,0.0,0.0,18.840000000000003,,
988058,60.3,18.9,0.0,0.0,18.9,,
958329,61.72,18.979999999999997,0.0,0.0,18.979999999999997,,
934027,55.36,19.0,0.0,0.0,19.0,,
963619,63.37,19.33,0.0,0.0,19.33,,
919087,76.37,19.39,0.0,0.0,19.39,,
983815,84.6,19.599999999999994,0.0,0.0,19.599999999999994,,
942696,59.6,19.759999999999998,0.0,0.0,19.759999999999998,,
964315,51.98,19.86,0.0,0.0,19.86,,
955479,57.2,19.940000000000005,0.0,0.0,19.940000000000005,,
927059,53.62,20.509999999999998,0.0,0.0,20.509999999999998,,
939030,56.39,20.509999999999998,0.0,0.0,20.509999999999998,,
955421,96.6,20.859999999999985,0.0,0.0,20.859999999999985,,
987689,97.96,21.019999999999996,0.0,0.0,21.019999999999996,,
977409,64.68,21.210000000000008,0.0,0.0,21.210000000000008,,
929142,76.52,21.4,0.0,0.0,21.4,,
910066,72.66,21.480000000000004,0.0,0.0,21.480000000000004,,
993731,72.66,21.480000000000004,0.0,0.0,21.480000000000004,,
994994,85.9,21.60000000000001,0.0,0.0,21.60000000000001,,
919585,104.67,21.75,0.0,0.0,21.75,,
969504,85.36,21.839999999999996,0.0,0.0,21.839999999999996,,
935971,87.96,22.019999999999996,0.0,0.0,22.019999999999996,,
956556,90.38,22.19999999999999,0.0,0.0,22.19999999999999,,
997919,80.84,22.240000000000002,0.0,0.0,22.240000000000002,,
941081,53.3,22.9,0.0,0.0,22.9,,
997188,80.04,23.080000000000005,0.0,0.0,23.080000000000005,,
941377,60.33,23.75,0.0,0.0,23.75,,
955285,84.2,24.240000000000002,0.0,0.0,24.240000000000002,,
930135,83.4,24.24000000000001,0.0,0.0,24.24000000000001,,
915289,83.32,24.639999999999993,0.0,0.0,24.639999999999993,,
975851,158.83,25.27000000000001,0.0,0.0,25.27000000000001,,
975513,158.83,25.27000000000001,0.0,0.0,25.27000000000001,,
930594,85.72,25.379999999999995,0.0,0.0,25.379999999999995,,
983048,99.25,25.450000000000003,0.0,0.0,25.450000000000003,,
943028,86.82,25.519999999999996,0.0,0.0,25.519999999999996,,
939669,56.1,25.700000000000003,0.0,0.0,25.700000000000003,,
980261,86.94,26.36999999999999,0.0,0.0,26.36999999999999,,
993310,104.51,26.53,0.0,0.0,26.53,,
936515,81.44,26.64,0.0,0.0,26.64,,
959314,92.25,26.69999999999999,0.0,0.0,26.69999999999999,,
991599,66.6,26.71999999999999,0.0,0.0,26.71999999999999,,
991706,117.99,26.939999999999984,0.0,0.0,26.939999999999984,,
924038,200.0,27.120000000000005,0.0,0.0,27.120000000000005,,
969917,114.6,27.499999999999986,0.0,0.0,27.499999999999986,,
942162,57.69,27.61,0.0,0.0,27.61,,
932663,89.82,28.14,0.0,0.0,28.14,,
998855,126.72,28.14,0.0,0.0,28.14,,
000197,159.96,32.70000000000001,4.304816,0.0,28.39518400000001,MERCADO ALMEIDA - ME,Mercado de Bairro
954341,173.45,29.30000000000001,0.0,0.0,29.30000000000001,,
966735,122.85,29.599999999999994,0.0,0.0,29.599999999999994,,
998942,148.23,29.609999999999985,0.0,0.0,29.609999999999985,,
995208,96.2,29.700000000000003,0.0,0.0,29.700000000000003,,
928747,132.3,29.900000000000006,0.0,0.0,29.900000000000006,,
994242,83.64,30.0,0.0,0.0,30.0,,
957252,84.0,30.849999999999994,0.0,0.0,30.849999999999994,,
957366,129.12,30.960000000000008,0.0,0.0,30.960000000000008,,
983577,101.44,31.08,0.0,0.0,31.08,,
946746,81.24,31.239999999999995,0.0,0.0,31.239999999999995,,
998928,110.88,31.409999999999997,0.0,0.0,31.409999999999997,,
944338,128.6,31.439999999999998,0.0,0.0,31.439999999999998,,
947453,149.55,31.55000000000001,0.0,0.0,31.55000000000001,,
994510,75.9,31.80000000000001,0.0,0.0,31.80000000000001,,
976210,86.4,32.1,0.0,0.0,32.1,,
940337,140.88,32.16,0.0,0.0,32.16,,
957005,91.92,32.7,0.0,0.0,32.7,,
944123,106.75,32.89999999999999,0.0,0.0,32.89999999999999,,
987169,106.2,33.120000000000005,0.0,0.0,33.120000000000005,,
918288,211.04,33.67999999999998,0.0,0.0,33.67999999999998,,
983312,86.0,34.0,0.0,0.0,34.0,,
977374,73.77,34.29,0.0,0.0,34.29,,
916036,97.23,34.300000000000004,0.0,0.0,34.300000000000004,,
937460,143.78,34.32000000000001,0.0,0.0,34.32000000000001,,
980712,166.64,34.75999999999999,0.0,0.0,34.75999999999999,,
978943,95.72,35.24,0.0,0.0,35.24,,
977486,145.88,35.47999999999999,0.0,0.0,35.47999999999999,,
937862,101.02,35.67999999999999,0.0,0.0,35.67999999999999,,
987416,161.88,35.75999999999999,0.0,0.0,35.75999999999999,,
952710,163.52,35.77000000000001,0.0,0.0,35.77000000000001,,
990349,90.96,36.65999999999999,0.0,0.0,36.65999999999999,,
965123,86.1,37.349999999999994,0.0,0.0,37.349999999999994,,
942082,129.04,37.359999999999985,0.0,0.0,37.359999999999985,,
927919,106.68,37.56,0.0,0.0,37.56,,
932817,114.0,37.58,0.0,0.0,37.58,,
000458,266.76,38.42,0.22361899999999998,0.0,38.196381,COMÉRCIO DE ALIMENTOS ANDRADE EIRELI,Mini Rede
936534,149.38,38.219999999999985,0.0,0.0,38.219999999999985,,
992653,102.2,38.22,0.0,0.0,38.22,,
959690,118.37,38.5,0.0,0.0,38.5,,
978055,119.72,38.519999999999996,0.0,0.0,38.519999999999996,,
960944,100.75,39.0,0.0,0.0,39.0,,
951470,176.9,39.00000000000003,0.0,0.0,39.00000000000003,,
914908,101.55,39.05,0.0,0.0,39.05,,
939698,137.85,39.29999999999998,0.0,0.0,39.29999999999998,,
916098,209.23,39.55000000000001,0.0,0.0,39.55000000000001,,
921560,98.14,40.18,0.0,0.0,40.18,,
933161,100.98,40.18000000000001,0.0,0.0,40.18000000000001,,
997674,123.84,40.260000000000005,0.0,0.0,40.260000000000005,,
937244,106.6,40.54999999999998,0.0,0.0,40.54999999999998,,
945841,100.11,40.620000000000005,0.0,0.0,40.620000000000005,,
993698,158.2,41.599999999999994,0.0,0.0,41.599999999999994,,
951958,131.52,42.000000000000014,0.0,0.0,42.000000000000014,,
991821,107.5,42.5,0.0,0.0,42.5,,
988844,141.66,43.08,0.0,0.0,43.08,,
945480,126.57,43.41,0.0,0.0,43.41,,
952262,116.58,43.42,0.0,0.0,43.42,,
924780,165.55,43.96000000000001,0.0,0.0,43.96000000000001,,
910144,108.7,44.040000000000006,0.0,0.0,44.040000000000006,,
922152,122.32,44.959999999999994,0.0,0.0,44.959999999999994,,
957739,191.2,45.03999999999999,0.0,0.0,45.03999999999999,,
940806,154.32,45.120000000000005,0.0,0.0,45.120000000000005,,
940022,203.25,45.45000000000002,0.0,0.0,45.45000000000002,,
972178,212.81,46.41,0.0,0.0,46.41,,
910504,124.8,46.7,0.0,0.0,46.7,,
945213,192.3,47.46000000000001,0.0,0.0,47.46000000000001,,
987783,290.07,47.95999999999998,0.0,0.0,47.95999999999998,,
915325,133.08,48.24000000000001,0.0,0.0,48.24000000000001,,
979140,213.84,48.53999999999999,0.0,0.0,48.53999999999999,,
929879,167.9,48.55,0.0,0.0,48.55,,
990909,119.16,48.870000000000005,0.0,0.0,48.870000000000005,,
956052,152.32,49.36,0.0,0.0,49.36,,
991882,189.84,49.91999999999999,0.0,0.0,49.91999999999999,,
913051,117.34,50.78,0.0,0.0,50.78,,
967650,231.71,51.170000000000016,0.0,0.0,51.170000000000016,,
996718,127.56,51.24000000000001,0.0,0.0,51.24000000000001,,
975966,133.6,51.31999999999999,0.0,0.0,51.31999999999999,,
988861,171.93,51.48000000000002,0.0,0.0,51.48000000000002,,
920316,148.98,52.08,0.0,0.0,52.08,,
945379,148.98,52.08,0.0,0.0,52.08,,
942590,122.71,52.359999999999985,0.0,0.0,52.359999999999985,,
968797,159.9,52.5,0.0,0.0,52.5,,
915697,160.25,52.75,0.0,0.0,52.75,,
918359,218.82,53.21999999999997,0.0,0.0,53.21999999999997,,
991990,268.97,53.56000000000003,0.0,0.0,53.56000000000003,,
928074,255.64,53.829999999999984,0.0,0.0,53.829999999999984,,
922626,147.73,53.89,0.0,0.0,53.89,,
983938,155.43,54.150000000000006,0.0,0.0,54.150000000000006,,
000243,399.62,64.79999999999998,9.664819000000001,0.0,55.13518099999998,SUPERMERCADO OLIVEIRA - ME,Mini Rede
987479,214.8,55.20000000000002,0.0,0.0,55.20000000000002,,
941889,173.65,55.3,0.0,0.0,55.3,,
947486,126.07,55.64999999999999,0.0,0.0,55.64999999999999,,
942210,153.28,55.84,0.0,0.0,55.84,,
972879,207.24,56.48000000000002,0.0,0.0,56.48000000000002,,
916317,154.8,57.5,0.0,0.0,57.5,,
983283,278.24,57.920000000000016,0.0,0.0,57.920000000000016,,
910121,197.1,58.25999999999999,0.0,0.0,58.25999999999999,,
928300,197.4,58.30000000000001,0.0,0.0,58.30000000000001,,
987029,176.4,58.32000000000001,0.0,0.0,58.32000000000001,,
953714,182.25,59.250000000000014,0.0,0.0,59.250000000000014,,
922037,163.53,60.120000000000005,0.0,0.0,60.120000000000005,,
994248,193.84,60.20000000000002,0.0,0.0,60.20000000000002,,
970171,276.24,60.360000000000014,0.0,0.0,60.360000000000014,,
970667,214.56,60.879999999999995,0.0,0.0,60.879999999999995,,
969759,190.7,61.19999999999999,0.0,0.0,61.19999999999999,,
936367,186.16,61.879999999999995,0.0,0.0,61.879999999999995,,
985618,143.5,62.25,0.0,0.0,62.25,,
981324,162.48,62.47999999999999,0.0,0.0,62.47999999999999,,
959700,229.68,62.52000000000001,0.0,0.0,62.52000000000001,,
981504,220.53,63.080000000000034,0.0,0.0,63.080000000000034,,
974265,189.77,63.140000000000015,0.0,0.0,63.140000000000015,,
944440,182.8,63.2,0.0,0.0,63.2,,
921099,174.57,63.69,0.0,0.0,63.69,,
965322,183.33,64.26,0.0,0.0,64.26,,
922682,144.9,64.86000000000001,0.0,0.0,64.86000000000001,,
961234,199.08,65.4,0.0,0.0,65.4,,
969089,152.15,65.45,0.0,0.0,65.45,,
974344,198.66,65.94,0.0,0.0,65.94,,
989093,190.5,66.30000000000001,0.0,0.0,66.30000000000001,,
962945,280.14,66.69999999999999,0.0,0.0,66.69999999999999,,
914544,194.46,68.60000000000001,0.0,0.0,68.60000000000001,,
965732,159.9,68.70000000000002,0.0,0.0,68.70000000000002,,
963158,198.72,69.75,0.0,0.0,69.75,,
991164,191.6,69.8,0.0,0.0,69.8,,
992669,200.68,70.12,0.0,0.0,70.12,,
936681,239.64,70.67999999999998,0.0,0.0,70.67999999999998,,
939625,294.84,71.03999999999999,0.0,0.0,71.03999999999999,,
947790,224.35,73.85,0.0,0.0,73.85,,
977085,201.28,73.92,0.0,0.0,73.92,,
970558,309.4,74.79999999999995,0.0,0.0,74.79999999999995,,
910873,464.94,76.40999999999997,0.0,0.0,76.40999999999997,,
926732,193.26,76.79999999999998,0.0,0.0,76.79999999999998,,
972812,192.0,77.75,0.0,0.0,77.75,,
992254,244.09,78.65,0.0,0.0,78.65,,
973138,342.72,80.28000000000003,0.0,0.0,80.28000000000003,,
912211,263.25,81.0,0.0,0.0,81.0,,
933021,495.9,81.29999999999995,0.0,0.0,81.29999999999995,,
922139,307.84,83.19999999999996,0.0,0.0,83.19999999999996,,
983323,357.0,83.37,0.0,0.0,83.37,,
920366,186.13,83.92999999999999,0.0,0.0,83.92999999999999,,
971731,262.8,84.20000000000002,0.0,0.0,84.20000000000002,,
000418,576.16,94.03000000000003,9.652312,0.0,84.37768800000003,EMPÓRIO ALMEIDA - ME,Mini Rede
000177,7829.53,2363.98,176.025059,2102.04,85.914941,COMÉRCIO DE ALIMENTOS FERREIRA LTDA,Bar/Restaurante
945172,240.0,86.24000000000001,0.0,0.0,86.24000000000001,,
988226,385.84,86.32,0.0,0.0,86.32,,
949409,232.32,86.51999999999998,0.0,0.0,86.51999999999998,,
985395,234.96,86.58000000000001,0.0,0.0,86.58000000000001,,
000325,521.3,101.35,13.769198999999999,0.0,87.580801,COMERCIAL FERREIRA LTDA,Padaria
974273,320.22,87.84000000000003,0.0,0.0,87.84000000000003,,
937420,217.4,88.08000000000001,0.0,0.0,88.08000000000001,,
991948,292.65,88.94999999999999,0.0,0.0,88.94999999999999,,
933400,197.23,89.53999999999999,0.0,0.0,89.53999999999999,,
931069,304.15,89.75999999999999,0.0,0.0,89.75999999999999,,
939500,233.8,89.81,0.0,0.0,89.81,,
983781,274.92,91.02000000000004,0.0,0.0,91.02000000000004,,
964738,258.8,91.60000000000002,0.0,0.0,91.60000000000002,,
941646,213.01,91.63,0.0,0.0,91.63,,
973400,414.36,91.79999999999995,0.0,0.0,91.79999999999995,,
000371,12233.21,2977.44,263.199592,2622.0,92.24040800000012,COMÉRCIO DE ALIMENTOS FERREIRA LTDA,Mini Rede
972327,482.3,92.26000000000005,0.0,0.0,92.26000000000005,,
990535,452.14,94.12,0.0,0.0,94.12,,
942308,288.45,94.94999999999999,0.0,0.0,94.94999999999999,,
000420,352.95,95.82,0.0,0.0,95.82,EMPÓRIO ALMEIDA EIRELI,Mercado de Bairro
954439,224.92,96.99999999999999,0.0,0.0,96.99999999999999,,
966577,335.8,97.1,0.0,0.0,97.1,,
000262,892.33,116.36,19.064958,0.0,97.295042,COMERCIAL SOUZA LTDA,Mercado de Bairro
967708,371.43,98.73000000000002,0.0,0.0,98.73000000000002,,
957812,296.8,98.96000000000001,0.0,0.0,98.96000000000001,,
962376,245.44,99.12,0.0,0.0,99.12,,
990576,249.75,100.19999999999999,0.0,0.0,100.19999999999999,,
941113,330.54,100.52000000000004,0.0,0.0,100.52000000000004,,
985909,234.68,101.56,0.0,0.0,101.56,,
945265,267.2,102.63999999999999,0.0,0.0,102.63999999999999,,
931611,281.58,103.16999999999996,0.0,0.0,103.16999999999996,,
914696,306.0,104.39999999999998,0.0,0.0,104.39999999999998,,
915452,339.22,105.35000000000005,0.0,0.0,105.35000000000005,,
925807,290.94,107.12,0.0,0.0,107.12,,
975023,548.55,107.39999999999998,0.0,0.0,107.39999999999998,,
966327,239.31,107.91,0.0,0.0,107.91,,
941122,265.95,107.99999999999997,0.0,0.0,107.99999999999997,,
976231,351.0,108.0,0.0,0.0,108.0,,
919774,285.2,109.89999999999998,0.0,0.0,109.89999999999998,,
944131,331.1,109.9,0.0,0.0,109.9,,
981671,378.56,110.04000000000002,0.0,0.0,110.04000000000002,,
941527,266.95,111.39999999999998,0.0,0.0,111.39999999999998,,
917536,234.92,111.43999999999998,0.0,0.0,111.43999999999998,,
930814,414.48,112.96000000000004,0.0,0.0,112.96000000000004,,
967274,360.08,113.32999999999998,0.0,0.0,113.32999999999998,,
929489,543.96,114.30000000000001,0.0,0.0,114.30000000000001,,
940376,323.5,114.5,0.0,0.0,114.5,,
988780,345.2,115.39999999999998,0.0,0.0,115.39999999999998,,
000397,5224.22,1595.8999999999999,136.637688,1342.8000000000002,116.46231199999966,EMPÓRIO SILVA LTDA,Food Service
000444,6561.25,1974.53,138.130874,1719.3600000000001,117.0391259999999,EMPÓRIO DO VALE LTDA,Bar/Restaurante
968986,385.66,117.04000000000002,0.0,0.0,117.04000000000002,,
982296,347.9,117.88,0.0,0.0,117.88,,
950647,306.47,118.94000000000005,0.0,0.0,118.94000000000005,,
964284,270.15,119.24999999999997,0.0,0.0,119.24999999999997,,
945567,353.32,120.67000000000002,0.0,0.0,120.67000000000002,,
978613,316.86,121.02000000000001,0.0,0.0,121.02000000000001,,
912603,271.71,122.93999999999997,0.0,0.0,122.93999999999997,,
949111,310.59,123.05999999999997,0.0,0.0,123.05999999999997,,
977008,555.6,123.40000000000003,0.0,0.0,123.40000000000003,,
919253,347.04,124.16000000000003,0.0,0.0,124.16000000000003,,
922244,400.19,124.25,0.0,0.0,124.25,,
969417,382.14,124.74000000000001,0.0,0.0,124.74000000000001,,
944838,381.65,125.97,0.0,0.0,125.97,,
991554,414.31,131.05,0.0,0.0,131.05,,
939923,427.18,133.12,0.0,0.0,133.12,,
928598,313.3,133.9,0.0,0.0,133.9,,
946515,575.62,134.97999999999996,0.0,0.0,134.97999999999996,,
930737,385.84,135.67999999999998,0.0,0.0,135.67999999999998,,
000202,1256.86,172.24,34.492672,0.0,137.747328,SUPERMERCADO COSTA LTDA,Conveniência
979345,350.87,138.32,0.0,0.0,138.32,,
989384,393.68,139.23,0.0,0.0,139.23,,
998989,446.38,139.48000000000002,0.0,0.0,139.48000000000002,,
988004,345.27,139.73999999999998,0.0,0.0,139.73999999999998,,
962091,354.96,140.64,0.0,0.0,140.64,,
977923,365.86,142.56,0.0,0.0,142.56,,
000449,20104.05,5186.43,489.007405,4553.28,144.14259500000026,MERCADO SILVA EIRELI,Food Service
920531,344.76,144.96,0.0,0.0,144.96,,
940404,335.0,148.29999999999998,0.0,0.0,148.29999999999998,,
000427,836.22,172.40000000000003,20.89112,0.0,151.50888000000003,COMERCIAL ALMEIDA LTDA,Conveniência
929375,418.24,154.72000000000003,0.0,0.0,154.72000000000003,,
920614,387.31,157.5,0.0,0.0,157.5,,
965060,424.32,158.78000000000003,0.0,0.0,158.78000000000003,,
932856,393.96,159.24,0.0,0.0,159.24,,
000112,755.96,176.18,16.743564,0.0,159.43643600000001,MERCADO PEREIRA - ME,Bar/Restaurante
927885,404.85,159.6,0.0,0.0,159.6,,
924669,396.4,162.19999999999996,0.0,0.0,162.19999999999996,,
962266,579.88,166.63,0.0,0.0,166.63,,
951698,500.06,167.42000000000002,0.0,0.0,167.42000000000002,,
929720,1579.23,169.82999999999993,0.0,0.0,169.82999999999993,,
957370,395.59,170.17,0.0,0.0,170.17,,
961709,429.52,173.45999999999998,0.0,0.0,173.45999999999998,,
986231,415.03,174.16,0.0,0.0,174.16,,
931110,606.48,174.36,0.0,0.0,174.36,,
970153,541.94,174.72000000000003,0.0,0.0,174.72000000000003,,
979009,446.46,179.33999999999997,0.0,0.0,179.33999999999997,,
917833,401.59,179.47999999999996,0.0,0.0,179.47999999999996,,
991118,680.77,180.5,0.0,0.0,180.5,,
000299,1035.6399999999999,194.12,12.507238,0.0,181.612762,COMÉRCIO DE ALIMENTOS OLIVEIRA LTDA,Mercado de Bairro
000029,669.23,199.68,17.139957,0.0,182.540043,SUPERMERCADO REZENDE - ME,Conveniência
949969,527.76,183.32999999999998,0.0,0.0,183.32999999999998,,
000232,1108.8700000000001,213.74999999999997,28.789345,0.0,184.96065499999997,MERCADO BITTENCOURT LTDA,Bar/Restaurante
920717,472.8,192.0,0.0,0.0,192.0,,
000424,691.91,201.03,7.458633,0.0,193.571367,SUPERMERCADO FERREIRA LTDA,Food Service
999417,557.92,194.81,0.0,0.0,194.81,,
958360,658.68,195.79999999999995,0.0,0.0,195.79999999999995,,
940020,596.98,197.60000000000002,0.0,0.0,197.60000000000002,,
995160,535.36,197.68,0.0,0.0,197.68,,
000425,835.19,215.51,17.162322,0.0,198.347678,SUPERMERCADO ALMEIDA LTDA,Bar/Restaurante
959893,449.84,199.2,0.0,0.0,199.2,,
981841,607.62,199.5,0.0,0.0,199.5,,
000310,1214.37,222.17,20.794171,0.0,201.37582899999998,COMERCIAL SOUZA LTDA,Mercado de Bairro
953782,492.48,203.40000000000003,0.0,0.0,203.40000000000003,,
966489,595.35,203.49,0.0,0.0,203.49,,
918176,705.84,204.36,0.0,0.0,204.36,,
921002,637.35,209.79000000000002,0.0,0.0,209.79000000000002,,
000209,1159.59,226.38000000000002,10.982126000000001,0.0,215.39787400000003,EMPÓRIO SOUZA - ME,Food Service
917271,630.11,216.19,0.0,0.0,216.19,,
915968,757.12,220.08000000000004,0.0,0.0,220.08000000000004,,
000256,1047.8,220.09,0.0,0.0,220.09,COMERCIAL OLIVEIRA - ME,Mini Rede
000125,1585.55,257.28000000000003,37.059391,0.0,220.22060900000002,COMÉRCIO DE ALIMENTOS REZENDE - ME,Mini Rede
944159,730.44,228.24000000000007,0.0,0.0,228.24000000000007,,
975304,683.54,233.21999999999997,0.0,0.0,233.21999999999997,,
983653,577.07,237.25000000000006,0.0,0.0,237.25000000000006,,
989423,608.58,239.04000000000002,0.0,0.0,239.04000000000002,,
947430,666.9,239.7,0.0,0.0,239.7,,
000185,812.13,242.20000000000002,1.170292,0.0,241.02970800000003,COMÉRCIO DE ALIMENTOS BITTENCOURT - ME,Padaria
980754,1021.16,248.3599999999999,0.0,0.0,248.3599999999999,,
918642,519.21,248.49000000000007,0.0,0.0,248.49000000000007,,
950945,1049.36,248.81999999999994,0.0,0.0,248.81999999999994,,
977268,532.71,250.74000000000007,0.0,0.0,250.74000000000007,,
949358,886.34,252.98000000000002,0.0,0.0,252.98000000000002,,
960611,693.97,255.49000000000007,0.0,0.0,255.49000000000007,,
916769,614.25,259.35,0.0,0.0,259.35,,
969789,804.96,261.69000000000005,0.0,0.0,261.69000000000005,,
000431,20739.26,5557.45,482.55253,4809.599999999999,265.29747000000043,EMPÓRIO SOUZA EIRELI,Mini Rede
000459,1266.57,300.76,32.501898,0.0,268.258102,COMÉRCIO DE ALIMENTOS REZENDE LTDA,Mini Rede
000380,1266.34,300.9,31.053297999999998,0.0,269.846702,DISTRIBUIDORA OLIVEIRA EIRELI,Mercado de Bairro
976303,803.0,274.25,0.0,0.0,274.25,,
000326,1816.64,322.19,47.176806,0.0,275.013194,EMPÓRIO PEREIRA LTDA,Food Service
000471,1397.84,304.41999999999996,29.331952,0.0,275.08804799999996,MERCADO NOGUEIRA LTDA,Food Service
000154,1614.35,298.03,22.077195,0.0,275.95280499999996,SUPERMERCADO SILVA LTDA,Mini Rede
960629,633.68,281.35999999999996,0.0,0.0,281.35999999999996,,
000138,2260.79,341.55,56.125013,0.0,285.424987,MERCADO OLIVEIRA LTDA,Bar/Restaurante
000066,1666.13,286.32,0.0,0.0,286.32,COMÉRCIO DE ALIMENTOS ALMEIDA - ME,Mercado de Bairro
946573,800.28,287.64,0.0,0.0,287.64,,
969079,638.16,287.76,0.0,0.0,287.76,,
000287,1554.3700000000001,317.66,27.061774,0.0,290.598226,COMÉRCIO DE ALIMENTOS REZENDE EIRELI,Bar/Restaurante
982813,779.48,291.71999999999997,0.0,0.0,291.71999999999997,,
940159,646.03,306.46,0.0,0.0,306.46,,
000298,1612.08,345.8,38.705982,0.0,307.094018,COMERCIAL ANDRADE LTDA,Conveniência
964192,977.36,307.61,0.0,0.0,307.61,,
947809,730.99,315.25,0.0,0.0,315.25,,
000382,2023.22,337.96000000000004,19.160614,0.0,318.799386,EMPÓRIO SOUZA EIRELI,Mercado de Bairro
000480,1531.81,331.59000000000003,7.380642,0.0,324.209358,SUPERMERCADO BITTENCOURT EIRELI,Mercado de Bairro
000367,1282.92,365.8,24.32199,0.0,341.47801000000004,EMPÓRIO ANDRADE LTDA,Bar/Restaurante
000039,2059.91,383.6,40.324594,0.0,343.27540600000003,COMERCIAL SILVA EIRELI,Food Service
000175,1755.1000000000001,344.68,0.0,0.0,344.68,SUPERMERCADO OLIVEIRA - ME,Padaria
000278,3498.05,870.04,71.44590099999999,450.59999999999997,347.99409899999995,COMERCIAL SOUZA - ME,Bar/Restaurante
000456,1592.62,395.60999999999996,44.888031,0.0,350.72196899999994,SUPERMERCADO COSTA - ME,Mercado de Bairro
996982,906.0,351.0,0.0,0.0,351.0,,
930224,1426.88,351.1200000000001,0.0,0.0,351.1200000000001,,
000199,20068.27,5550.44,415.458735,4765.68,369.30126499999915,COMÉRCIO DE ALIMENTOS COSTA LTDA,Padaria
941084,860.55,384.59999999999997,0.0,0.0,384.59999999999997,,
000226,2016.96,388.44000000000005,0.0,0.0,388.44000000000005,COMERCIAL COSTA LTDA,Food Service
000487,2235.87,425.62,30.753572000000002,0.0,394.866428,MERCADO FERREIRA LTDA,Conveniência
000089,1832.3300000000002,398.35,0.0,0.0,398.35,MERCADO OLIVEIRA LTDA,Padaria
981248,1084.89,405.4200000000001,0.0,0.0,405.4200000000001,,
000203,1408.45,421.14,10.153099000000001,0.0,410.986901,COMÉRCIO DE ALIMENTOS REZENDE - ME,Padaria
000360,2121.19,465.21000000000004,40.369375,0.0,424.84062500000005,SUPERMERCADO ANDRADE LTDA,Mini Rede
000297,1303.88,436.6600000000001,0.0,0.0,436.6600000000001,EMPÓRIO SOUZA LTDA,Mini Rede
924852,1891.4,450.3100000000002,0.0,0.0,450.3100000000002,,
000306,1855.4,475.72,16.205688000000002,0.0,459.514312,SUPERMERCADO BITTENCOURT EIRELI,Conveniência
000046,2662.63,514.78,54.348236,0.0,460.431764,SUPERMERCADO ANDRADE LTDA,Conveniência
000014,2184.83,514.8000000000001,51.611633,0.0,463.1883670000001,COMÉRCIO DE ALIMENTOS DO VALE - ME,Mini Rede
000405,2069.15,506.09000000000003,40.371845,0.0,465.718155,DISTRIBUIDORA NOGUEIRA LTDA,Mini Rede
000174,5615.62,1715.7300000000002,69.170305,1171.1999999999998,475.35969500000033,DISTRIBUIDORA BITTENCOURT LTDA,Bar/Restaurante
962667,1151.4,476.20000000000016,0.0,0.0,476.20000000000016,,
000426,1573.8799999999999,497.7299999999999,21.401340999999995,0.0,476.3286589999999,SUPERMERCADO BITTENCOURT EIRELI,Mercado de Bairro
000290,18015.33,5154.139999999999,394.992916,4278.24,480.9070839999995,DISTRIBUIDORA ALMEIDA - ME,Conveniência
000446,2345.07,557.86,55.318452,0.0,502.54154800000003,COMERCIAL SILVA LTDA,Food Service
000221,2759.7599999999998,564.06,59.227098,0.0,504.83290199999993,EMPÓRIO ANDRADE LTDA,Food Service
000233,2532.19,577.39,67.612529,0.0,509.777471,MERCADO DO VALE LTDA,Mercado de Bairro
000065,2858.27,566.45,55.189441,0.0,511.26055900000006,SUPERMERCADO OLIVEIRA EIRELI,Bar/Restaurante
996311,1598.04,521.6400000000001,0.0,0.0,521.6400000000001,,
000340,3484.05,610.75,88.321259,0.0,522.428741,DISTRIBUIDORA NOGUEIRA LTDA,Conveniência
000443,1765.1000000000001,557.47,34.588015,0.0,522.881985,MERCADO BITTENCOURT - ME,Bar/Restaurante
927623,1225.6,531.04,0.0,0.0,531.04,,
983471,1307.52,550.0799999999999,0.0,0.0,550.0799999999999,,
995309,1619.13,565.7500000000002,0.0,0.0,565.7500000000002,,
000098,2653.86,634.49,58.747378000000005,0.0,575.742622,MERCADO BITTENCOURT LTDA,Mercado de Bairro
000499,2673.07,652.7600000000001,67.17945900000001,0.0,585.580541,COMERCIAL BITTENCOURT LTDA,Mini Rede
000283,2647.82,608.88,18.327447000000003,0.0,590.552553,COMÉRCIO DE ALIMENTOS SILVA LTDA,Food Service
000153,3128.13,664.93,47.320003,0.0,617.6099969999999,COMÉRCIO DE ALIMENTOS FERREIRA - ME,Mercado de Bairro
000105,2595.2,667.23,49.03817,0.0,618.19183,COMERCIAL PEREIRA LTDA,Mercado de Bairro
966795,2833.92,629.6399999999999,0.0,0.0,629.6399999999999,,
000201,3496.17,720.71,72.561847,0.0,648.1481530000001,COMÉRCIO DE ALIMENTOS ANDRADE LTDA,Padaria
000061,2269.75,691.7700000000001,19.646153,0.0,672.1238470000001,MERCADO ANDRADE LTDA,Mercado de Bairro
000448,66570.2,16561.829999999998,1494.561533,14393.399999999998,673.8684670000002,COMÉRCIO DE ALIMENTOS ANDRADE EIRELI,Conveniência
000036,3435.75,784.0699999999999,89.041769,0.0,695.0282309999999,DISTRIBUIDORA NOGUEIRA EIRELI,Food Service
000114,10095.8,2576.67,210.957857,1664.28,701.4321430000002,COMERCIAL PEREIRA EIRELI,Mercado de Bairro
000334,3450.7400000000002,772.4300000000001,63.906218,0.0,708.5237820000001,COMÉRCIO DE ALIMENTOS PEREIRA - ME,Bar/Restaurante
000184,2543.14,716.28,0.0,0.0,716.28,EMPÓRIO COSTA EIRELI,Bar/Restaurante
000460,2804.21,795.4699999999999,74.587056,0.0,720.882944,DISTRIBUIDORA SOUZA - ME,Bar/Restaurante
000140,3888.91,779.3299999999999,54.854191,0.0,724.4758089999999,COMÉRCIO DE ALIMENTOS NOGUEIRA LTDA,Padaria
000441,3938.07,812.3000000000001,87.753383,0.0,724.5466170000001,DISTRIBUIDORA ALMEIDA LTDA,Food Service
000109,4138.75,856.52,100.961749,0.0,755.5582509999999,COMÉRCIO DE ALIMENTOS ANDRADE EIRELI,Mini Rede
000348,4059.8,843.72,82.696341,0.0,761.0236590000001,COMÉRCIO DE ALIMENTOS FERREIRA LTDA,Padaria
000346,3262.46,764.0699999999999,0.0,0.0,764.0699999999999,DISTRIBUIDORA PEREIRA LTDA,Padaria
000021,2980.85,764.6599999999999,0.0,0.0,764.6599999999999,COMERCIAL NOGUEIRA - ME,Mercado de Bairro
923412,1902.16,768.1800000000001,0.0,0.0,768.1800000000001,,
000171,3778.5,821.5899999999999,49.87612,0.0,771.7138799999999,COMÉRCIO DE ALIMENTOS PEREIRA EIRELI,Padaria
000265,2683.59,776.83,0.0,0.0,776.83,MERCADO COSTA LTDA,Bar/Restaurante
000190,5151.5599999999995,1562.56,61.335159,708.72,792.5048409999999,SUPERMERCADO ALMEIDA LTDA,Bar/Restaurante
000415,3607.31,870.89,76.541532,0.0,794.348468,DISTRIBUIDORA FERREIRA LTDA,Conveniência
000495,3398.45,814.65,0.0,0.0,814.65,DISTRIBUIDORA SILVA LTDA,Conveniência
000472,4063.0,910.63,78.278417,0.0,832.351583,MERCADO BITTENCOURT - ME,Padaria
000155,4193.65,943.87,94.869738,0.0,849.000262,COMERCIAL SOUZA EIRELI,Padaria
000327,13025.1,3642.89,193.844514,2595.6,853.4454860000001,SUPERMERCADO COSTA EIRELI,Bar/Restaurante
000488,3141.62,943.99,85.314042,0.0,858.675958,DISTRIBUIDORA OLIVEIRA LTDA,Mercado de Bairro
000478,2763.0299999999997,930.78,65.968867,0.0,864.8111329999999,SUPERMERCADO FERREIRA LTDA,Bar/Restaurante
000312,4888.84,941.31,61.714802,0.0,879.595198,COMÉRCIO DE ALIMENTOS ANDRADE EIRELI,Mercado de Bairro
000135,2862.58,881.21,0.0,0.0,881.21,COMERCIAL ALMEIDA LTDA,Padaria
983462,3082.56,896.04,0.0,0.0,896.04,,
000094,5034.2,960.6,61.426285,0.0,899.173715,COMERCIAL DO VALE - ME,Padaria
000482,3603.04,948.8,41.244783,0.0,907.555217,COMERCIAL COSTA LTDA,Bar/Restaurante
000316,3314.5699999999997,911.75,0.0,0.0,911.75,COMÉRCIO DE ALIMENTOS COSTA EIRELI,Mercado de Bairro
000341,6193.0599999999995,1647.32,0.0,733.3199999999999,914.0,COMERCIAL BITTENCOURT - ME,Food Service
000477,4755.04,944.25,0.0,0.0,944.25,COMÉRCIO DE ALIMENTOS BITTENCOURT - ME,Bar/Restaurante
000249,13670.42,3766.4,0.0,2815.44,950.96,COMÉRCIO DE ALIMENTOS OLIVEIRA - ME,Bar/Restaurante
000413,3391.74,1058.8400000000001,77.904009,0.0,980.9359910000002,DISTRIBUIDORA OLIVEIRA LTDA,Mercado de Bairro
000027,15079.51,4336.97,289.931859,3059.52,987.5181410000005,DISTRIBUIDORA BITTENCOURT EIRELI,Padaria
000339,5523.31,1127.0,130.280372,0.0,996.7196280000001,MERCADO SILVA LTDA,Bar/Restaurante
000260,4468.99,1055.34,47.996506000000004,0.0,1007.343494,EMPÓRIO BITTENCOURT EIRELI,Bar/Restaurante
000370,5497.06,1184.18,136.527059,0.0,1047.652941,DISTRIBUIDORA SOUZA EIRELI,Conveniência
000450,5078.73,1172.72,100.556455,0.0,1072.163545,COMERCIAL PEREIRA EIRELI,Mini Rede
000308,4228.8099999999995,1128.04,53.808078,0.0,1074.231922,COMERCIAL ANDRADE - ME,Mercado de Bairro
000270,4061.19,1169.23,94.153756,0.0,1075.076244,COMÉRCIO DE ALIMENTOS BITTENCOURT EIRELI,Bar/Restaurante
000159,5454.48,1216.44,122.143873,0.0,1094.296127,SUPERMERCADO ALMEIDA - ME,Mercado de Bairro
000276,4090.81,1189.74,91.453384,0.0,1098.286616,COMERCIAL ALMEIDA LTDA,Conveniência
000044,3979.52,1134.64,34.617441,0.0,1100.022559,DISTRIBUIDORA NOGUEIRA EIRELI,Mercado de Bairro
000053,6581.95,1265.53,147.869745,0.0,1117.660255,MERCADO REZENDE EIRELI,Conveniência
000134,3157.57,1122.5600000000002,0.0,0.0,1122.5600000000002,MERCADO FERREIRA LTDA,Mercado de Bairro
000212,4089.5,1240.4899999999998,79.601381,0.0,1160.8886189999998,SUPERMERCADO REZENDE LTDA,Padaria
000433,4604.56,1314.19,105.12007799999999,0.0,1209.0699220000001,DISTRIBUIDORA ALMEIDA LTDA,Bar/Restaurante
000227,4388.43,1320.7199999999998,109.09553199999999,0.0,1211.6244679999998,EMPÓRIO SILVA - ME,Mercado de Bairro
000132,5190.89,1330.7800000000002,83.686571,0.0,1247.0934290000002,COMÉRCIO DE ALIMENTOS SOUZA - ME,Food Service
000012,8302.82,2134.71,0.0,846.0,1288.71,DISTRIBUIDORA DO VALE - ME,Mercado de Bairro
000394,8159.62,1978.73,154.36292,496.08000000000004,1328.28708,COMERCIAL PEREIRA - ME,Conveniência
000178,8929.33,2321.92,105.944298,884.1600000000001,1331.815702,MERCADO COSTA LTDA,Mercado de Bairro
000206,5638.34,1419.9,86.282042,0.0,1333.617958,SUPERMERCADO ALMEIDA - ME,Bar/Restaurante
000082,5242.59,1454.2800000000002,113.399694,0.0,1340.8803060000002,SUPERMERCADO OLIVEIRA LTDA,Food Service
000119,5575.110000000001,1392.97,42.79090099999999,0.0,1350.179099,SUPERMERCADO FERREIRA LTDA,Food Service
000205,5551.14,1491.3899999999999,140.94278699999998,0.0,1350.447213,COMÉRCIO DE ALIMENTOS COSTA EIRELI,Conveniência
000208,4284.46,1456.99,105.165098,0.0,1351.824902,MERCADO REZENDE LTDA,Food Service
000422,5368.75,1444.4299999999998,86.49549499999999,0.0,1357.934505,DISTRIBUIDORA COSTA LTDA,Mercado de Bairro
000151,13364.83,3184.13,307.384025,1514.16,1362.5859750000002,COMÉRCIO DE ALIMENTOS BITTENCOURT LTDA,Mercado de Bairro
000282,6840.1,1531.3500000000001,154.392111,0.0,1376.9578890000003,COMERCIAL OLIVEIRA EIRELI,Conveniência
000241,23295.53,6560.04,207.079151,4969.799999999999,1383.1608490000008,DISTRIBUIDORA ALMEIDA - ME,Padaria
000217,16684.14,5140.2300000000005,151.631423,3579.12,1409.4785770000008,MERCADO FERREIRA EIRELI,Bar/Restaurante
000219,5089.18,1551.4599999999998,127.100291,0.0,1424.3597089999998,SUPERMERCADO REZENDE - ME,Padaria
000402,24685.15,6952.12,0.0,5515.200000000001,1436.9199999999992,DISTRIBUIDORA ALMEIDA EIRELI,Bar/Restaurante
000141,7931.62,1559.05,119.800405,0.0,1439.249595,EMPÓRIO BITTENCOURT LTDA,Mini Rede
000007,6178.62,1593.32,147.319964,0.0,1446.000036,DISTRIBUIDORA REZENDE LTDA,Bar/Restaurante
000189,5661.13,1533.8600000000001,85.124769,0.0,1448.735231,EMPÓRIO DO VALE - ME,Bar/Restaurante
000364,24409.79,5182.929999999999,436.907853,3277.92,1468.1021469999996,COMERCIAL ALMEIDA LTDA,Food Service
000301,7374.05,1693.39,180.59893,0.0,1512.7910700000002,COMERCIAL DO VALE LTDA,Food Service
928935,3265.2,1515.5999999999997,0.0,0.0,1515.5999999999997,,
000067,7865.83,1616.29,86.883528,0.0,1529.406472,SUPERMERCADO PEREIRA LTDA,Conveniência
000416,12183.210000000001,3003.0200000000004,234.3514,1200.6,1568.0686000000005,COMÉRCIO DE ALIMENTOS DO VALE LTDA,Padaria
000464,6394.87,1718.61,135.525691,0.0,1583.0843089999998,COMÉRCIO DE ALIMENTOS FERREIRA LTDA,Padaria
000218,11372.48,3111.65,259.611204,1220.6399999999999,1631.3987960000004,COMERCIAL ANDRADE EIRELI,Mercado de Bairro
000123,7135.37,1793.3299999999997,138.223727,0.0,1655.1062729999996,EMPÓRIO NOGUEIRA - ME,Bar/Restaurante
000196,6045.29,1659.7700000000002,0.0,0.0,1659.7700000000002,EMPÓRIO ANDRADE - ME,Conveniência
000072,7308.89,1846.78,172.269498,0.0,1674.510502,EMPÓRIO SILVA EIRELI,Food Service
000139,8774.58,1873.4499999999998,196.746712,0.0,1676.7032879999997,MERCADO DO VALE LTDA,Padaria
000384,6279.42,1684.22,0.0,0.0,1684.22,EMPÓRIO BITTENCOURT - ME,Padaria
000490,7601.08,1733.99,47.600679,0.0,1686.389321,DISTRIBUIDORA DO VALE - ME,Conveniência
000216,6588.03,1818.55,125.444383,0.0,1693.105617,DISTRIBUIDORA COSTA EIRELI,Mini Rede
000363,6443.5,1839.7199999999998,134.424248,0.0,1705.2957519999998,DISTRIBUIDORA SILVA LTDA,Food Service
000042,6922.04,1738.6,30.604349999999997,0.0,1707.9956499999998,EMPÓRIO ANDRADE LTDA,Mini Rede
000293,8989.76,1912.67,203.128494,0.0,1709.541506,SUPERMERCADO BITTENCOURT LTDA,Mini Rede
000078,30108.77,7825.33,722.459887,5373.48,1729.3901130000004,SUPERMERCADO COSTA LTDA,Padaria
000330,7326.64,1920.42,183.345897,0.0,1737.0741030000002,DISTRIBUIDORA ALMEIDA EIRELI,Conveniência
000353,8097.49,1921.77,171.534247,0.0,1750.235753,COMÉRCIO DE ALIMENTOS COSTA EIRELI,Padaria
000222,6263.7,1955.6100000000001,140.849239,0.0,1814.760761,COMERCIAL FERREIRA - ME,Padaria
000468,7303.44,1995.57,155.392348,0.0,1840.1776519999999,MERCADO FERREIRA LTDA,Padaria
000057,7488.02,2014.65,165.41144500000001,0.0,1849.2385550000001,EMPÓRIO ALMEIDA EIRELI,Mercado de Bairro
000470,8924.15,1855.4099999999999,0.0,0.0,1855.4099999999999,EMPÓRIO ANDRADE EIRELI,Padaria
000104,8571.67,1875.18,0.0,0.0,1875.18,EMPÓRIO ANDRADE LTDA,Conveniência
000237,6373.12,1894.3999999999999,0.0,0.0,1894.3999999999999,SUPERMERCADO SOUZA EIRELI,Conveniência
000321,6895.570000000001,1961.5600000000002,65.82408000000001,0.0,1895.73592,MERCADO SILVA LTDA,Mini Rede
000373,7811.8099999999995,2092.33,189.646963,0.0,1902.683037,MERCADO OLIVEIRA EIRELI,Food Service
000314,9255.47,2162.2599999999998,211.345673,0.0,1950.9143269999997,COMERCIAL BITTENCOURT EIRELI,Mini Rede
000385,7114.63,2124.62,166.170154,0.0,1958.449846,COMERCIAL NOGUEIRA LTDA,Mini Rede
000108,8217.61,2176.2299999999996,192.68291499999998,0.0,1983.5470849999997,COMERCIAL PEREIRA - ME,Conveniência
000296,28622.71,6720.83,622.010494,4110.6,1988.2195059999995,COMÉRCIO DE ALIMENTOS REZENDE LTDA,Padaria
000008,8624.38,2197.86,181.248616,0.0,2016.611384,COMÉRCIO DE ALIMENTOS REZENDE LTDA,Padaria
000191,10912.84,3623.9599999999996,170.483904,1341.3600000000001,2112.1160959999993,DISTRIBUIDORA DO VALE - ME,Food Service
000350,33863.8,8461.48,463.671731,5881.2,2116.6082689999994,MERCADO COSTA - ME,Mini Rede
000354,9956.369999999999,2129.63,0.0,0.0,2129.63,SUPERMERCADO REZENDE EIRELI,Mercado de Bairro
000060,11659.62,2392.1800000000003,233.404944,0.0,2158.7750560000004,SUPERMERCADO REZENDE LTDA,Padaria
000366,7957.42,2244.25,83.917254,0.0,2160.332746,MERCADO PEREIRA - ME,Conveniência
000319,14088.960000000001,3197.5099999999998,307.797363,727.92,2161.7926369999996,COMÉRCIO DE ALIMENTOS FERREIRA - ME,Bar/Restaurante
000403,10185.6,2182.07,0.0,0.0,2182.07,COMERCIAL REZENDE EIRELI,Bar/Restaurante
000455,10495.1,2416.0099999999998,223.813404,0.0,2192.1965959999998,MERCADO PEREIRA LTDA,Mini Rede
000211,9216.53,2426.04,205.99379,0.0,2220.04621,DISTRIBUIDORA PEREIRA LTDA,Padaria
000097,9441.8,2428.0,196.68935,0.0,2231.31065,COMERCIAL SOUZA LTDA,Bar/Restaurante
000379,7287.66,2411.52,115.843367,0.0,2295.676633,DISTRIBUIDORA NOGUEIRA LTDA,Mercado de Bairro
000277,9241.31,2589.0299999999997,223.04387599999998,0.0,2365.9861239999996,COMÉRCIO DE ALIMENTOS PEREIRA LTDA,Padaria
000079,10630.26,2591.83,223.285751,0.0,2368.544249,EMPÓRIO ALMEIDA EIRELI,Padaria
000461,8883.49,2484.1800000000003,104.610884,0.0,2379.569116,SUPERMERCADO FERREIRA LTDA,Bar/Restaurante
000307,7345.54,2518.97,138.491436,0.0,2380.478564,EMPÓRIO SILVA LTDA,Conveniência
000263,10011.0,2623.0,242.418161,0.0,2380.581839,COMERCIAL BITTENCOURT LTDA,Food Service
000161,8816.95,2570.3199999999997,188.243063,0.0,2382.076937,EMPÓRIO BITTENCOURT LTDA,Food Service
000377,15667.01,4456.53,345.118596,1680.48,2430.9314039999995,SUPERMERCADO NOGUEIRA - ME,Conveniência
000165,9004.99,2581.64,116.467951,0.0,2465.172049,DISTRIBUIDORA ANDRADE - ME,Bar/Restaurante
000049,9454.28,2728.54,241.40588400000001,0.0,2487.134116,COMERCIAL PEREIRA - ME,Conveniência
000335,11588.39,2602.24,96.67220800000001,0.0,2505.567792,MERCADO REZENDE EIRELI,Bar/Restaurante
000395,11315.17,2788.49,264.694001,0.0,2523.795999,SUPERMERCADO PEREIRA LTDA,Bar/Restaurante
000214,21700.72,5886.67,225.780475,3117.84,2543.0495250000004,DISTRIBUIDORA DO VALE LTDA,Conveniência
000005,11685.72,2864.19,269.90159,0.0,2594.28841,COMERCIAL OLIVEIRA EIRELI,Mercado de Bairro
000454,26652.93,8220.88,579.473032,5016.0,2625.4069679999993,SUPERMERCADO REZENDE EIRELI,Bar/Restaurante
000286,10870.48,2864.79,236.186816,0.0,2628.603184,DISTRIBUIDORA ALMEIDA EIRELI,Conveniência
000145,19832.29,5677.389999999999,440.940804,2590.08,2646.3691959999996,COMERCIAL REZENDE - ME,Bar/Restaurante
000013,30944.74,8954.54,675.624961,5496.96,2781.9550390000013,SUPERMERCADO COSTA LTDA,Bar/Restaurante
000081,9184.43,2906.0,123.43566799999999,0.0,2782.564332,DISTRIBUIDORA OLIVEIRA LTDA,Food Service
000062,12751.49,3092.71,289.124106,0.0,2803.585894,COMERCIAL ANDRADE - ME,Bar/Restaurante
000126,14714.08,4232.92,207.916609,1171.32,2853.6833910000005,COMÉRCIO DE ALIMENTOS SOUZA EIRELI,Padaria
000152,13689.949999999999,4260.07,313.534399,1032.0,2914.5356009999996,EMPÓRIO NOGUEIRA - ME,Mini Rede
000280,10114.13,3008.67,77.77171,0.0,2930.89829,COMÉRCIO DE ALIMENTOS SOUZA LTDA,Food Service
000193,12438.0,3248.29,258.201688,0.0,2990.088312,COMERCIAL NOGUEIRA LTDA,Mercado de Bairro
000111,10324.02,3020.6499999999996,0.0,0.0,3020.6499999999996,DISTRIBUIDORA ALMEIDA EIRELI,Bar/Restaurante
000118,10803.97,3197.36,160.352735,0.0,3037.007265,SUPERMERCADO BITTENCOURT - ME,Food Service
000158,10887.69,3054.69,0.0,0.0,3054.69,COMÉRCIO DE ALIMENTOS PEREIRA - ME,Mini Rede
000235,10894.29,3085.3,0.0,0.0,3085.3,COMERCIAL FERREIRA LTDA,Mini Rede
000400,12197.62,3391.7400000000002,254.61112400000002,0.0,3137.128876,MERCADO BITTENCOURT - ME,Bar/Restaurante
000281,32757.1,9244.17,745.9856580000001,5288.76,3209.4243420000003,MERCADO SILVA EIRELI,Mini Rede
000396,15710.029999999999,3663.69,407.693828,0.0,3255.996172,COMERCIAL NOGUEIRA EIRELI,Conveniência
000100,13368.3,3717.95,280.103817,0.0,3437.8461829999997,MERCADO FERREIRA - ME,Mini Rede
000010,21891.95,5820.41,444.420237,1876.3200000000002,3499.6697629999994,COMÉRCIO DE ALIMENTOS PEREIRA LTDA,Padaria
000264,12580.68,3742.59,172.415434,0.0,3570.174566,COMERCIAL ALMEIDA LTDA,Conveniência
000025,18218.2,5667.08,194.817869,1884.84,3587.4221309999994,COMÉRCIO DE ALIMENTOS ALMEIDA - ME,Mini Rede
000181,13205.7,3838.5,183.52439,0.0,3654.97561,DISTRIBUIDORA SOUZA EIRELI,Mercado de Bairro
000117,14662.9,4060.59,332.385197,0.0,3728.204803,MERCADO PEREIRA EIRELI,Padaria
000362,77917.69,22134.61,1685.199981,16704.239999999998,3745.170019000001,EMPÓRIO SILVA LTDA,Conveniência
000323,18682.8,4022.69,273.76203,0.0,3748.92797,COMÉRCIO DE ALIMENTOS NOGUEIRA - ME,Bar/Restaurante
000074,53653.18,13631.619999999999,0.0,9816.48,3815.1399999999994,COMÉRCIO DE ALIMENTOS BITTENCOURT LTDA,Food Service
000356,19362.62,4379.16,438.254971,0.0,3940.905029,COMERCIAL BITTENCOURT - ME,Conveniência
000347,16103.51,3946.2000000000003,0.0,0.0,3946.2000000000003,COMERCIAL PEREIRA - ME,Conveniência
000133,26914.35,6799.37,662.46565,2127.36,4009.5443499999997,SUPERMERCADO ALMEIDA EIRELI,Conveniência
000474,14790.91,4530.62,329.730421,0.0,4200.889579,COMÉRCIO DE ALIMENTOS SILVA EIRELI,Conveniência
000103,20939.7,4633.59,428.786065,0.0,4204.803935,COMERCIAL FERREIRA LTDA,Food Service
000408,20298.16,4434.99,0.0,0.0,4434.99,DISTRIBUIDORA SOUZA LTDA,Mercado de Bairro
000388,25834.39,7870.14,278.900508,3108.0,4483.239492000001,EMPÓRIO PEREIRA EIRELI,Mini Rede
000099,30123.63,8128.2,0.0,3472.56,4655.639999999999,SUPERMERCADO BITTENCOURT LTDA,Mini Rede
000075,20545.39,5174.39,491.185723,0.0,4683.204277000001,EMPÓRIO COSTA EIRELI,Bar/Restaurante
000050,17953.67,5052.63,326.941371,0.0,4725.688629,EMPÓRIO ALMEIDA LTDA,Conveniência
000417,16682.3,5171.42,358.881848,0.0,4812.538152,COMÉRCIO DE ALIMENTOS DO VALE LTDA,Food Service
000451,18472.0,5201.17,378.96815,0.0,4822.20185,MERCADO OLIVEIRA LTDA,Food Service
000329,15481.26,4871.33,0.0,0.0,4871.33,COMERCIAL REZENDE LTDA,Mini Rede
000032,30864.71,8247.449999999999,248.86208499999998,3110.3999999999996,4888.1879149999995,MERCADO OLIVEIRA - ME,Food Service
000004,19249.92,5485.98,419.445004,0.0,5066.534995999999,COMERCIAL REZENDE LTDA,Mercado de Bairro
000052,20408.13,5528.81,445.328855,0.0,5083.481145000001,COMÉRCIO DE ALIMENTOS COSTA EIRELI,Mercado de Bairro
000048,22565.86,5321.11,219.013639,0.0,5102.096361,COMERCIAL BITTENCOURT LTDA,Mercado de Bairro
000336,23682.38,5684.28,548.906924,0.0,5135.373076,SUPERMERCADO SOUZA LTDA,Food Service
000234,23148.34,7015.89,0.0,1811.88,5204.01,COMERCIAL SOUZA LTDA,Mini Rede
000028,20526.63,5749.719999999999,526.536261,0.0,5223.183738999999,MERCADO DO VALE EIRELI,Mercado de Bairro
000026,19718.23,5697.27,411.45872,0.0,5285.811280000001,EMPÓRIO SOUZA EIRELI,Mercado de Bairro
000102,20523.31,5590.320000000001,243.141994,0.0,5347.178006000001,COMÉRCIO DE ALIMENTOS DO VALE - ME,Mercado de Bairro
000035,21955.31,5712.24,345.464036,0.0,5366.7759639999995,DISTRIBUIDORA BITTENCOURT LTDA,Mini Rede
000386,39611.159999999996,8960.95,738.767804,2855.4,5366.782196000002,COMÉRCIO DE ALIMENTOS COSTA LTDA,Padaria
000389,19367.2,5672.75,279.76847,0.0,5392.98153,COMÉRCIO DE ALIMENTOS ALMEIDA EIRELI,Mini Rede
000043,22961.07,5994.96,555.362178,0.0,5439.597822,DISTRIBUIDORA DO VALE EIRELI,Mercado de Bairro
000432,34842.02,7317.08,770.172594,1065.84,5481.067406,COMERCIAL OLIVEIRA EIRELI,Mercado de Bairro
000255,22895.7,5980.7699999999995,465.728779,0.0,5515.0412209999995,MERCADO OLIVEIRA - ME,Conveniência
000475,17948.88,5717.21,164.163203,0.0,5553.046797,COMERCIAL OLIVEIRA LTDA,Food Service
000313,20140.68,6031.64,448.67762799999997,0.0,5582.962372,EMPÓRIO ALMEIDA - ME,Mercado de Bairro
000253,25788.35,6227.76,618.420492,0.0,5609.339508,COMERCIAL COSTA LTDA,Padaria
000095,28583.95,6599.37,665.162606,0.0,5934.207394,COMERCIAL SOUZA EIRELI,Padaria
000358,20279.24,6470.74,406.599134,0.0,6064.140866,MERCADO ANDRADE EIRELI,Mini Rede
000489,39380.56,10887.68,926.863668,3875.04,6085.776332,SUPERMERCADO NOGUEIRA EIRELI,Food Service
000300,32272.9,9009.14,668.912638,2224.7999999999997,6115.427362,COMERCIAL FERREIRA - ME,Bar/Restaurante
000279,42341.8,11365.63,388.338566,4783.8,6193.491433999999,DISTRIBUIDORA COSTA LTDA,Food Service
000244,28710.43,8071.240000000001,636.0709860000001,991.8000000000001,6443.369014000001,EMPÓRIO REZENDE LTDA,Mini Rede
000121,36482.42,10169.36,0.0,3721.2,6448.160000000001,SUPERMERCADO NOGUEIRA - ME,Padaria
000150,23302.93,7115.91,312.011224,0.0,6803.898776,EMPÓRIO ANDRADE LTDA,Mini Rede
000162,28605.71,7876.79,310.444428,0.0,7566.345572,MERCADO OLIVEIRA LTDA,Mini Rede
000352,27876.77,7928.64,325.307239,0.0,7603.332761000001,COMERCIAL COSTA - ME,Conveniência
000040,44969.99,12584.41,965.321043,3671.04,7948.048957,COMÉRCIO DE ALIMENTOS SOUZA - ME,Padaria
000315,27126.42,8127.01,0.0,0.0,8127.01,DISTRIBUIDORA REZENDE LTDA,Conveniência
000311,48696.3,13414.150000000001,1160.892957,4080.4800000000005,8172.777043000001,COMÉRCIO DE ALIMENTOS BITTENCOURT LTDA,Conveniência
000207,29126.3,8926.369999999999,696.1422689999999,0.0,8230.227730999999,SUPERMERCADO SOUZA - ME,Mercado de Bairro
000071,38179.59,9615.78,852.017664,420.84000000000003,8342.922336,SUPERMERCADO FERREIRA LTDA,Bar/Restaurante
000481,32222.920000000002,8719.789999999999,295.62136,0.0,8424.16864,EMPÓRIO BITTENCOURT LTDA,Mercado de Bairro
000187,32219.13,8828.18,327.258621,0.0,8500.921379,EMPÓRIO FERREIRA LTDA,Mercado de Bairro
000419,29598.93,9379.92,760.312373,0.0,8619.607627,SUPERMERCADO BITTENCOURT LTDA,Food Service
000200,53849.76,15728.5,1096.628011,5299.68,9332.191988999999,MERCADO DO VALE LTDA,Food Service
000322,38854.11,10848.64,853.015855,0.0,9995.624145,DISTRIBUIDORA NOGUEIRA EIRELI,Mercado de Bairro
000368,74578.32,19203.0,1034.9406,8104.199999999999,10063.8594,EMPÓRIO DO VALE - ME,Bar/Restaurante
000179,40841.99,11116.12,960.385461,0.0,10155.734539000001,SUPERMERCADO ALMEIDA LTDA,Food Service
000120,55254.01,15612.0,1222.3195739999999,3821.2799999999997,10568.400426,DISTRIBUIDORA NOGUEIRA LTDA,Padaria
000093,44209.75,11580.49,981.971591,0.0,10598.518409,DISTRIBUIDORA PEREIRA LTDA,Padaria
000146,38722.84,11568.72,857.272562,0.0,10711.447438,SUPERMERCADO NOGUEIRA - ME,Padaria
000401,42506.3,11856.4,883.025927,0.0,10973.374072999999,EMPÓRIO SOUZA EIRELI,Padaria
000018,44513.69,12796.16,524.749638,1252.92,11018.490362,SUPERMERCADO COSTA LTDA,Food Service
000080,40617.39,14116.79,0.0,2944.44,11172.35,MERCADO NOGUEIRA LTDA,Mercado de Bairro
000359,47449.66,12442.5,1221.913658,0.0,11220.586342,COMERCIAL OLIVEIRA LTDA,Mercado de Bairro
000229,48576.35,12577.92,1102.899828,0.0,11475.020172,COMERCIAL BITTENCOURT LTDA,Food Service
000406,49832.06,13221.58,1035.83081,0.0,12185.74919,EMPÓRIO COSTA EIRELI,Bar/Restaurante
000284,50307.79,14684.52,1182.870704,0.0,13501.649296,DISTRIBUIDORA FERREIRA EIRELI,Mini Rede
000182,54546.36,16044.730000000001,767.511339,0.0,15277.218661,SUPERMERCADO FERREIRA LTDA,Padaria
000421,79040.42,21536.3,1576.329191,3796.2000000000003,16163.770808999998,DISTRIBUIDORA ANDRADE EIRELI,Mini Rede
000101,119962.31,34103.48,2926.606206,13531.679999999998,17645.193794000006,DISTRIBUIDORA PEREIRA - ME,Bar/Restaurante
000257,75573.19,21319.309999999998,1107.015314,0.0,20212.294685999997,COMERCIAL DO VALE LTDA,Padaria
000466,78565.65,20922.75,0.0,0.0,20922.75,COMÉRCIO DE ALIMENTOS SOUZA EIRELI,Padaria
000144,80785.4,21822.05,876.643892,0.0,20945.406108,DISTRIBUIDORA PEREIRA - ME,Mercado de Bairro
000497,92228.81,24611.37,1051.309807,0.0,23560.060192999998,EMPÓRIO PEREIRA LTDA,Bar/Restaurante
000128,160926.81,42378.46,3515.670407,8443.2,30419.589593,DISTRIBUIDORA COSTA LTDA,Mercado de Bairro
000045,166893.2,48398.41,3733.332286,0.0,44665.07771400001,COMERCIAL PEREIRA EIRELI,Bar/Restaurante
